record_type,id,name,area,lat,lng,patient_load,emergency_share,lead_days,facility_id,supply_id,unit,pack_size,storage,lot,quantity,expires_at,date,complete,stockout_censored,report_indicator,arrives_at,confirmed
profile,D,Mandya Regional Hospital,Mandya,12.522,76.897,210,0.12,7,D,,,,,,,,,,,,,
supply,,Oral rehydration salts,,,,,,,D,ORS,sachet,10,ambient,,,,,,,,,
supply,,IV saline 500 ml,,,,,,,D,SAL,bag,5,ambient,,,,,,,,,
supply,,Surgical masks,,,,,,,D,MSK,mask,50,dry,,,,,,,,,
batch,D-ORS-01,,,,,,,,D,ORS,sachet,,ambient,LOT-D-ORS-01,330,2026-10-12T00:00:00+00:00,,,,,,
batch,D-ORS-02,,,,,,,,D,ORS,sachet,,ambient,LOT-D-ORS-02,720,2026-12-19T00:00:00+00:00,,,,,,
batch,D-SAL-01,,,,,,,,D,SAL,bag,,ambient,LOT-D-SAL-01,39,2026-10-12T00:00:00+00:00,,,,,,
batch,D-SAL-02,,,,,,,,D,SAL,bag,,ambient,LOT-D-SAL-02,247,2026-12-19T00:00:00+00:00,,,,,,
batch,D-MSK-01,,,,,,,,D,MSK,mask,,dry,LOT-D-MSK-01,330,2026-10-12T00:00:00+00:00,,,,,,
batch,D-MSK-02,,,,,,,,D,MSK,mask,,dry,LOT-D-MSK-02,2090,2026-12-19T00:00:00+00:00,,,,,,
consumption,,,,,,220,0.12,,D,ORS,,,,,23,,2026-02-10,1,0,0,,
consumption,,,,,,216,0.12,,D,ORS,,,,,28,,2026-02-11,1,0,0,,
consumption,,,,,,210,0.12,,D,ORS,,,,,23,,2026-02-12,1,0,0,,
consumption,,,,,,228,0.12,,D,ORS,,,,,19,,2026-02-13,1,0,0,,
consumption,,,,,,184,0.12,,D,ORS,,,,,22,,2026-02-14,1,0,0,,
consumption,,,,,,172,0.12,,D,ORS,,,,,13,,2026-02-15,1,0,0,,
consumption,,,,,,235,0.12,,D,ORS,,,,,32,,2026-02-16,1,0,0,,
consumption,,,,,,220,0.12,,D,ORS,,,,,22,,2026-02-17,1,0,0,,
consumption,,,,,,216,0.12,,D,ORS,,,,,29,,2026-02-18,1,0,0,,
consumption,,,,,,210,0.12,,D,ORS,,,,,28,,2026-02-19,1,0,0,,
consumption,,,,,,228,0.12,,D,ORS,,,,,32,,2026-02-20,1,0,0,,
consumption,,,,,,184,0.12,,D,ORS,,,,,22,,2026-02-21,1,0,0,,
consumption,,,,,,172,0.12,,D,ORS,,,,,21,,2026-02-22,1,0,0,,
consumption,,,,,,235,0.12,,D,ORS,,,,,24,,2026-02-23,1,0,0,,
consumption,,,,,,220,0.12,,D,ORS,,,,,35,,2026-02-24,1,0,0,,
consumption,,,,,,216,0.12,,D,ORS,,,,,19,,2026-02-25,1,0,0,,
consumption,,,,,,210,0.12,,D,ORS,,,,,20,,2026-02-26,1,0,0,,
consumption,,,,,,228,0.12,,D,ORS,,,,,22,,2026-02-27,1,0,0,,
consumption,,,,,,184,0.12,,D,ORS,,,,,23,,2026-02-28,1,0,0,,
consumption,,,,,,172,0.12,,D,ORS,,,,,18,,2026-03-01,1,0,0,,
consumption,,,,,,235,0.12,,D,ORS,,,,,24,,2026-03-02,1,0,0,,
consumption,,,,,,220,0.12,,D,ORS,,,,,26,,2026-03-03,1,0,0,,
consumption,,,,,,216,0.12,,D,ORS,,,,,27,,2026-03-04,1,0,0,,
consumption,,,,,,210,0.12,,D,ORS,,,,,26,,2026-03-05,1,0,0,,
consumption,,,,,,228,0.12,,D,ORS,,,,,25,,2026-03-06,1,0,0,,
consumption,,,,,,184,0.12,,D,ORS,,,,,11,,2026-03-07,1,0,0,,
consumption,,,,,,172,0.12,,D,ORS,,,,,15,,2026-03-08,1,0,0,,
consumption,,,,,,235,0.12,,D,ORS,,,,,32,,2026-03-09,1,0,0,,
consumption,,,,,,220,0.12,,D,ORS,,,,,31,,2026-03-10,1,0,0,,
consumption,,,,,,216,0.12,,D,ORS,,,,,22,,2026-03-11,1,0,0,,
consumption,,,,,,210,0.12,,D,ORS,,,,,23,,2026-03-12,1,0,0,,
consumption,,,,,,228,0.12,,D,ORS,,,,,28,,2026-03-13,1,0,0,,
consumption,,,,,,184,0.12,,D,ORS,,,,,23,,2026-03-14,1,0,0,,
consumption,,,,,,172,0.12,,D,ORS,,,,,20,,2026-03-15,1,0,0,,
consumption,,,,,,235,0.12,,D,ORS,,,,,29,,2026-03-16,1,0,0,,
consumption,,,,,,220,0.12,,D,ORS,,,,,32,,2026-03-17,1,0,0,,
consumption,,,,,,216,0.12,,D,ORS,,,,,26,,2026-03-18,1,0,0,,
consumption,,,,,,210,0.12,,D,ORS,,,,,25,,2026-03-19,1,0,0,,
consumption,,,,,,228,0.12,,D,ORS,,,,,30,,2026-03-20,1,0,0,,
consumption,,,,,,184,0.12,,D,ORS,,,,,20,,2026-03-21,1,0,0,,
consumption,,,,,,172,0.12,,D,ORS,,,,,20,,2026-03-22,1,0,0,,
consumption,,,,,,235,0.12,,D,ORS,,,,,25,,2026-03-23,1,0,0,,
consumption,,,,,,220,0.12,,D,ORS,,,,,19,,2026-03-24,1,0,0,,
consumption,,,,,,216,0.12,,D,ORS,,,,,30,,2026-03-25,1,0,0,,
consumption,,,,,,210,0.12,,D,ORS,,,,,18,,2026-03-26,1,0,0,,
consumption,,,,,,228,0.12,,D,ORS,,,,,30,,2026-03-27,1,0,0,,
consumption,,,,,,184,0.12,,D,ORS,,,,,23,,2026-03-28,1,0,0,,
consumption,,,,,,172,0.12,,D,ORS,,,,,22,,2026-03-29,1,0,0,,
consumption,,,,,,235,0.12,,D,ORS,,,,,23,,2026-03-30,1,0,0,,
consumption,,,,,,220,0.12,,D,ORS,,,,,33,,2026-03-31,1,0,0,,
consumption,,,,,,216,0.12,,D,ORS,,,,,21,,2026-04-01,1,0,0,,
consumption,,,,,,210,0.12,,D,ORS,,,,,31,,2026-04-02,1,0,0,,
consumption,,,,,,228,0.12,,D,ORS,,,,,36,,2026-04-03,1,0,0,,
consumption,,,,,,184,0.12,,D,ORS,,,,,18,,2026-04-04,1,0,0,,
consumption,,,,,,172,0.12,,D,ORS,,,,,14,,2026-04-05,1,0,0,,
consumption,,,,,,235,0.12,,D,ORS,,,,,32,,2026-04-06,1,0,0,,
consumption,,,,,,220,0.12,,D,ORS,,,,,29,,2026-04-07,1,0,0,,
consumption,,,,,,216,0.12,,D,ORS,,,,,18,,2026-04-08,1,0,0,,
consumption,,,,,,210,0.12,,D,ORS,,,,,26,,2026-04-09,1,0,0,,
consumption,,,,,,228,0.12,,D,ORS,,,,,28,,2026-04-10,1,0,0,,
consumption,,,,,,184,0.12,,D,ORS,,,,,19,,2026-04-11,1,0,0,,
consumption,,,,,,172,0.12,,D,ORS,,,,,20,,2026-04-12,1,0,0,,
consumption,,,,,,235,0.12,,D,ORS,,,,,23,,2026-04-13,1,0,0,,
consumption,,,,,,220,0.12,,D,ORS,,,,,25,,2026-04-14,1,0,0,,
consumption,,,,,,216,0.12,,D,ORS,,,,,26,,2026-04-15,1,0,0,,
consumption,,,,,,210,0.12,,D,ORS,,,,,30,,2026-04-16,1,0,0,,
consumption,,,,,,228,0.12,,D,ORS,,,,,29,,2026-04-17,1,0,0,,
consumption,,,,,,184,0.12,,D,ORS,,,,,25,,2026-04-18,1,0,0,,
consumption,,,,,,172,0.12,,D,ORS,,,,,19,,2026-04-19,1,0,0,,
consumption,,,,,,235,0.12,,D,ORS,,,,,23,,2026-04-20,1,0,0,,
consumption,,,,,,220,0.12,,D,ORS,,,,,25,,2026-04-21,1,0,0,,
consumption,,,,,,216,0.12,,D,ORS,,,,,25,,2026-04-22,1,0,0,,
consumption,,,,,,210,0.12,,D,ORS,,,,,21,,2026-04-23,1,0,0,,
consumption,,,,,,228,0.12,,D,ORS,,,,,31,,2026-04-24,1,0,0,,
consumption,,,,,,184,0.12,,D,ORS,,,,,23,,2026-04-25,1,0,0,,
consumption,,,,,,172,0.12,,D,ORS,,,,,27,,2026-04-26,1,0,0,,
consumption,,,,,,235,0.12,,D,ORS,,,,,32,,2026-04-27,1,0,0,,
consumption,,,,,,220,0.12,,D,ORS,,,,,32,,2026-04-28,1,0,0,,
consumption,,,,,,216,0.12,,D,ORS,,,,,31,,2026-04-29,1,0,0,,
consumption,,,,,,210,0.12,,D,ORS,,,,,30,,2026-04-30,1,0,0,,
consumption,,,,,,228,0.12,,D,ORS,,,,,22,,2026-05-01,1,0,0,,
consumption,,,,,,184,0.12,,D,ORS,,,,,17,,2026-05-02,1,0,0,,
consumption,,,,,,172,0.12,,D,ORS,,,,,29,,2026-05-03,1,0,0,,
consumption,,,,,,235,0.12,,D,ORS,,,,,32,,2026-05-04,1,0,0,,
consumption,,,,,,220,0.12,,D,ORS,,,,,30,,2026-05-05,1,0,0,,
consumption,,,,,,216,0.12,,D,ORS,,,,,32,,2026-05-06,1,0,0,,
consumption,,,,,,210,0.12,,D,ORS,,,,,29,,2026-05-07,1,0,0,,
consumption,,,,,,228,0.12,,D,ORS,,,,,26,,2026-05-08,1,0,0,,
consumption,,,,,,184,0.12,,D,ORS,,,,,22,,2026-05-09,1,0,0,,
consumption,,,,,,172,0.12,,D,ORS,,,,,21,,2026-05-10,1,0,0,,
consumption,,,,,,235,0.12,,D,ORS,,,,,29,,2026-05-11,1,0,0,,
consumption,,,,,,220,0.12,,D,ORS,,,,,20,,2026-05-12,1,0,0,,
consumption,,,,,,216,0.12,,D,ORS,,,,,33,,2026-05-13,1,0,0,,
consumption,,,,,,210,0.12,,D,ORS,,,,,29,,2026-05-14,1,0,0,,
consumption,,,,,,228,0.12,,D,ORS,,,,,21,,2026-05-15,1,0,0,,
consumption,,,,,,184,0.12,,D,ORS,,,,,25,,2026-05-16,1,0,0,,
consumption,,,,,,172,0.12,,D,ORS,,,,,18,,2026-05-17,1,0,0,,
consumption,,,,,,235,0.12,,D,ORS,,,,,20,,2026-05-18,1,0,0,,
consumption,,,,,,220,0.12,,D,ORS,,,,,26,,2026-05-19,1,0,0,,
consumption,,,,,,216,0.12,,D,ORS,,,,,21,,2026-05-20,1,0,0,,
consumption,,,,,,210,0.12,,D,ORS,,,,,19,,2026-05-21,1,0,0,,
consumption,,,,,,228,0.12,,D,ORS,,,,,23,,2026-05-22,1,0,0,,
consumption,,,,,,184,0.12,,D,ORS,,,,,31,,2026-05-23,1,0,0,,
consumption,,,,,,172,0.12,,D,ORS,,,,,22,,2026-05-24,1,0,0,,
consumption,,,,,,235,0.12,,D,ORS,,,,,27,,2026-05-25,1,0,0,,
consumption,,,,,,220,0.12,,D,ORS,,,,,26,,2026-05-26,1,0,0,,
consumption,,,,,,216,0.12,,D,ORS,,,,,28,,2026-05-27,1,0,0,,
consumption,,,,,,210,0.12,,D,ORS,,,,,29,,2026-05-28,1,0,0,,
consumption,,,,,,228,0.12,,D,ORS,,,,,29,,2026-05-29,1,0,0,,
consumption,,,,,,184,0.12,,D,ORS,,,,,11,,2026-05-30,1,0,0,,
consumption,,,,,,172,0.12,,D,ORS,,,,,16,,2026-05-31,1,0,0,,
consumption,,,,,,235,0.12,,D,ORS,,,,,36,,2026-06-01,1,0,0,,
consumption,,,,,,220,0.12,,D,ORS,,,,,18,,2026-06-02,1,0,0,,
consumption,,,,,,216,0.12,,D,ORS,,,,,43,,2026-06-03,1,0,0,,
consumption,,,,,,210,0.12,,D,ORS,,,,,23,,2026-06-04,1,0,0,,
consumption,,,,,,228,0.12,,D,ORS,,,,,18,,2026-06-05,1,0,0,,
consumption,,,,,,184,0.12,,D,ORS,,,,,19,,2026-06-06,1,0,0,,
consumption,,,,,,172,0.12,,D,ORS,,,,,20,,2026-06-07,1,0,0,,
consumption,,,,,,235,0.12,,D,ORS,,,,,27,,2026-06-08,1,0,0,,
consumption,,,,,,220,0.12,,D,ORS,,,,,26,,2026-06-09,1,0,0,,
consumption,,,,,,216,0.12,,D,ORS,,,,,24,,2026-06-10,1,0,0,,
consumption,,,,,,210,0.12,,D,ORS,,,,,23,,2026-06-11,1,0,0,,
consumption,,,,,,228,0.12,,D,ORS,,,,,33,,2026-06-12,1,0,0,,
consumption,,,,,,184,0.12,,D,ORS,,,,,23,,2026-06-13,1,0,0,,
consumption,,,,,,172,0.12,,D,ORS,,,,,22,,2026-06-14,1,0,0,,
consumption,,,,,,235,0.12,,D,ORS,,,,,29,,2026-06-15,1,0,0,,
consumption,,,,,,220,0.12,,D,ORS,,,,,22,,2026-06-16,1,0,0,,
consumption,,,,,,216,0.12,,D,ORS,,,,,27,,2026-06-17,1,0,0,,
consumption,,,,,,210,0.12,,D,ORS,,,,,20,,2026-06-18,1,0,0,,
consumption,,,,,,228,0.12,,D,ORS,,,,,29,,2026-06-19,1,0,0,,
consumption,,,,,,184,0.12,,D,ORS,,,,,22,,2026-06-20,1,0,0,,
consumption,,,,,,172,0.12,,D,ORS,,,,,20,,2026-06-21,1,0,0,,
consumption,,,,,,235,0.12,,D,ORS,,,,,15,,2026-06-22,1,0,0,,
consumption,,,,,,220,0.12,,D,ORS,,,,,23,,2026-06-23,1,0,0,,
consumption,,,,,,216,0.12,,D,ORS,,,,,29,,2026-06-24,1,0,0,,
consumption,,,,,,210,0.12,,D,ORS,,,,,26,,2026-06-25,1,0,0,,
consumption,,,,,,228,0.12,,D,ORS,,,,,28,,2026-06-26,1,0,0,,
consumption,,,,,,184,0.12,,D,ORS,,,,,28,,2026-06-27,1,0,0,,
consumption,,,,,,172,0.12,,D,ORS,,,,,16,,2026-06-28,1,0,0,,
consumption,,,,,,235,0.12,,D,ORS,,,,,21,,2026-06-29,1,0,0,,
consumption,,,,,,220,0.12,,D,ORS,,,,,24,,2026-06-30,1,0,0,,
consumption,,,,,,216,0.12,,D,ORS,,,,,18,,2026-07-01,1,0,0,,
consumption,,,,,,210,0.12,,D,ORS,,,,,24,,2026-07-02,1,0,0,,
consumption,,,,,,228,0.12,,D,ORS,,,,,26,,2026-07-03,1,0,0,,
consumption,,,,,,184,0.12,,D,ORS,,,,,16,,2026-07-04,1,0,0,,
consumption,,,,,,172,0.12,,D,ORS,,,,,20,,2026-07-05,1,0,0,,
consumption,,,,,,235,0.12,,D,ORS,,,,,29,,2026-07-06,1,0,0,,
consumption,,,,,,220,0.12,,D,ORS,,,,,30,,2026-07-07,1,0,0,,
consumption,,,,,,216,0.12,,D,ORS,,,,,26,,2026-07-08,1,0,0,,
consumption,,,,,,210,0.12,,D,ORS,,,,,25,,2026-07-09,1,0,0,,
consumption,,,,,,228,0.12,,D,ORS,,,,,31,,2026-07-10,1,0,0,,
consumption,,,,,,184,0.12,,D,ORS,,,,,25,,2026-07-11,1,0,0,,
consumption,,,,,,172,0.12,,D,ORS,,,,,16,,2026-07-12,1,0,0,,
consumption,,,,,,235,0.12,,D,ORS,,,,,27,,2026-07-13,1,0,0,,
consumption,,,,,,220,0.12,,D,ORS,,,,,26,,2026-07-14,1,0,0,,
consumption,,,,,,216,0.12,,D,ORS,,,,,31,,2026-07-15,1,0,0,,
consumption,,,,,,210,0.12,,D,ORS,,,,,33,,2026-07-16,1,0,0,,
consumption,,,,,,228,0.12,,D,ORS,,,,,31,,2026-07-17,1,0,0,,
consumption,,,,,,184,0.12,,D,ORS,,,,,20,,2026-07-18,1,0,0,,
consumption,,,,,,172,0.12,,D,ORS,,,,,22,,2026-07-19,1,0,0,,
consumption,,,,,,235,0.12,,D,ORS,,,,,28,,2026-07-20,1,0,0,,
consumption,,,,,,220,0.12,,D,ORS,,,,,29,,2026-07-21,1,0,0,,
consumption,,,,,,216,0.12,,D,ORS,,,,,19,,2026-07-22,1,0,0,,
consumption,,,,,,210,0.12,,D,ORS,,,,,28,,2026-07-23,1,0,0,,
consumption,,,,,,228,0.12,,D,ORS,,,,,24,,2026-07-24,1,0,0,,
consumption,,,,,,184,0.12,,D,ORS,,,,,19,,2026-07-25,1,0,0,,
consumption,,,,,,172,0.12,,D,ORS,,,,,25,,2026-07-26,1,0,0,,
consumption,,,,,,235,0.12,,D,ORS,,,,,34,,2026-07-27,1,0,0,,
consumption,,,,,,220,0.12,,D,ORS,,,,,26,,2026-07-28,1,0,0,,
consumption,,,,,,216,0.12,,D,ORS,,,,,23,,2026-07-29,1,0,0,,
consumption,,,,,,210,0.12,,D,ORS,,,,,22,,2026-07-30,1,0,0,,
consumption,,,,,,228,0.12,,D,ORS,,,,,29,,2026-07-31,1,0,0,,
consumption,,,,,,184,0.12,,D,ORS,,,,,25,,2026-08-01,1,0,0,,
consumption,,,,,,172,0.12,,D,ORS,,,,,16,,2026-08-02,1,0,0,,
consumption,,,,,,235,0.12,,D,ORS,,,,,23,,2026-08-03,1,0,0,,
consumption,,,,,,220,0.12,,D,ORS,,,,,29,,2026-08-04,1,0,0,,
consumption,,,,,,216,0.12,,D,ORS,,,,,29,,2026-08-05,1,0,0,,
consumption,,,,,,210,0.12,,D,ORS,,,,,35,,2026-08-06,1,0,0,,
consumption,,,,,,228,0.12,,D,ORS,,,,,38,,2026-08-07,1,0,0,,
consumption,,,,,,184,0.12,,D,ORS,,,,,22,,2026-08-08,1,0,0,,
consumption,,,,,,172,0.12,,D,ORS,,,,,25,,2026-08-09,1,0,0,,
consumption,,,,,,235,0.12,,D,ORS,,,,,22,,2026-08-10,1,0,0,,
consumption,,,,,,220,0.12,,D,ORS,,,,,30,,2026-08-11,1,0,0,,
consumption,,,,,,216,0.12,,D,ORS,,,,,20,,2026-08-12,1,0,0,,
consumption,,,,,,210,0.12,,D,ORS,,,,,31,,2026-08-13,1,0,0,,
consumption,,,,,,228,0.12,,D,ORS,,,,,26,,2026-08-14,1,0,0,,
consumption,,,,,,184,0.12,,D,ORS,,,,,25,,2026-08-15,1,0,0,,
consumption,,,,,,172,0.12,,D,ORS,,,,,16,,2026-08-16,1,0,0,,
consumption,,,,,,235,0.12,,D,ORS,,,,,30,,2026-08-17,1,0,0,,
consumption,,,,,,220,0.12,,D,ORS,,,,,27,,2026-08-18,1,0,0,,
consumption,,,,,,216,0.12,,D,ORS,,,,,30,,2026-08-19,1,0,0,,
consumption,,,,,,210,0.12,,D,ORS,,,,,27,,2026-08-20,1,0,0,,
consumption,,,,,,228,0.12,,D,ORS,,,,,22,,2026-08-21,1,0,0,,
consumption,,,,,,184,0.12,,D,ORS,,,,,25,,2026-08-22,1,0,0,,
consumption,,,,,,172,0.12,,D,ORS,,,,,22,,2026-08-23,1,0,0,,
consumption,,,,,,235,0.12,,D,ORS,,,,,22,,2026-08-24,1,0,0,,
consumption,,,,,,220,0.12,,D,ORS,,,,,30,,2026-08-25,1,0,0,,
consumption,,,,,,216,0.12,,D,ORS,,,,,21,,2026-08-26,1,0,0,,
consumption,,,,,,210,0.12,,D,ORS,,,,,24,,2026-08-27,1,0,0,,
consumption,,,,,,228,0.12,,D,ORS,,,,,18,,2026-08-28,1,0,0,,
consumption,,,,,,184,0.12,,D,ORS,,,,,18,,2026-08-29,1,0,0,,
consumption,,,,,,172,0.12,,D,ORS,,,,,21,,2026-08-30,1,0,0,,
consumption,,,,,,235,0.12,,D,ORS,,,,,24,,2026-08-31,1,0,0,,
consumption,,,,,,220,0.12,,D,ORS,,,,,27,,2026-09-01,1,0,0,,
consumption,,,,,,216,0.12,,D,ORS,,,,,23,,2026-09-02,1,0,0,,
consumption,,,,,,210,0.12,,D,ORS,,,,,27,,2026-09-03,1,0,0,,
consumption,,,,,,228,0.12,,D,ORS,,,,,29,,2026-09-04,1,0,0,,
consumption,,,,,,184,0.12,,D,ORS,,,,,27,,2026-09-05,1,0,0,,
consumption,,,,,,172,0.12,,D,ORS,,,,,13,,2026-09-06,1,0,0,,
consumption,,,,,,235,0.12,,D,ORS,,,,,17,,2026-09-07,1,0,0,,
consumption,,,,,,220,0.12,,D,ORS,,,,,21,,2026-09-08,1,0,0,,
consumption,,,,,,216,0.12,,D,ORS,,,,,24,,2026-09-09,1,0,0,,
consumption,,,,,,210,0.12,,D,ORS,,,,,27,,2026-09-10,1,0,0,,
consumption,,,,,,228,0.12,,D,ORS,,,,,25,,2026-09-11,1,0,0,,
consumption,,,,,,184,0.12,,D,ORS,,,,,23,,2026-09-12,1,0,0,,
consumption,,,,,,172,0.12,,D,ORS,,,,,20,,2026-09-13,1,0,0,,
consumption,,,,,,235,0.12,,D,ORS,,,,,34,,2026-09-14,1,0,0,,
consumption,,,,,,220,0.12,,D,ORS,,,,,28,,2026-09-15,1,0,0,,
consumption,,,,,,216,0.12,,D,ORS,,,,,35,,2026-09-16,1,0,0,,
consumption,,,,,,210,0.12,,D,ORS,,,,,31,,2026-09-17,1,0,0,,
consumption,,,,,,228,0.12,,D,ORS,,,,,36,,2026-09-18,1,0,0,,
consumption,,,,,,184,0.12,,D,ORS,,,,,22,,2026-09-19,1,0,0,,
consumption,,,,,,172,0.12,,D,ORS,,,,,19,,2026-09-20,1,0,0,,
consumption,,,,,,235,0.12,,D,ORS,,,,,31,,2026-09-21,1,0,0,,
consumption,,,,,,220,0.12,,D,ORS,,,,,25,,2026-09-22,1,0,0,,
consumption,,,,,,216,0.12,,D,ORS,,,,,26,,2026-09-23,1,0,0,,
consumption,,,,,,210,0.12,,D,ORS,,,,,36,,2026-09-24,1,0,0,,
consumption,,,,,,228,0.12,,D,ORS,,,,,26,,2026-09-25,1,0,0,,
consumption,,,,,,184,0.12,,D,ORS,,,,,19,,2026-09-26,1,0,0,,
consumption,,,,,,172,0.12,,D,ORS,,,,,18,,2026-09-27,1,0,0,,
consumption,,,,,,235,0.12,,D,ORS,,,,,38,,2026-09-28,1,0,0,,
consumption,,,,,,220,0.12,,D,ORS,,,,,17,,2026-09-29,1,0,0,,
consumption,,,,,,216,0.12,,D,ORS,,,,,37,,2026-09-30,1,0,0,,
consumption,,,,,,210,0.12,,D,ORS,,,,,26,,2026-10-01,1,0,0,,
consumption,,,,,,228,0.12,,D,ORS,,,,,28,,2026-10-02,1,0,0,,
consumption,,,,,,184,0.12,,D,ORS,,,,,19,,2026-10-03,1,0,0,,
consumption,,,,,,172,0.12,,D,ORS,,,,,22,,2026-10-04,1,0,0,,
consumption,,,,,,220,0.12,,D,SAL,,,,,17,,2026-02-10,1,0,0,,
consumption,,,,,,216,0.12,,D,SAL,,,,,10,,2026-02-11,1,0,0,,
consumption,,,,,,210,0.12,,D,SAL,,,,,12,,2026-02-12,1,0,0,,
consumption,,,,,,228,0.12,,D,SAL,,,,,9,,2026-02-13,1,0,0,,
consumption,,,,,,184,0.12,,D,SAL,,,,,11,,2026-02-14,1,0,0,,
consumption,,,,,,172,0.12,,D,SAL,,,,,12,,2026-02-15,1,0,0,,
consumption,,,,,,235,0.12,,D,SAL,,,,,12,,2026-02-16,1,0,0,,
consumption,,,,,,220,0.12,,D,SAL,,,,,18,,2026-02-17,1,0,0,,
consumption,,,,,,216,0.12,,D,SAL,,,,,11,,2026-02-18,1,0,0,,
consumption,,,,,,210,0.12,,D,SAL,,,,,15,,2026-02-19,1,0,0,,
consumption,,,,,,228,0.12,,D,SAL,,,,,11,,2026-02-20,1,0,0,,
consumption,,,,,,184,0.12,,D,SAL,,,,,8,,2026-02-21,1,0,0,,
consumption,,,,,,172,0.12,,D,SAL,,,,,15,,2026-02-22,1,0,0,,
consumption,,,,,,235,0.12,,D,SAL,,,,,18,,2026-02-23,1,0,0,,
consumption,,,,,,220,0.12,,D,SAL,,,,,14,,2026-02-24,1,0,0,,
consumption,,,,,,216,0.12,,D,SAL,,,,,14,,2026-02-25,1,0,0,,
consumption,,,,,,210,0.12,,D,SAL,,,,,14,,2026-02-26,1,0,0,,
consumption,,,,,,228,0.12,,D,SAL,,,,,11,,2026-02-27,1,0,0,,
consumption,,,,,,184,0.12,,D,SAL,,,,,9,,2026-02-28,1,0,0,,
consumption,,,,,,172,0.12,,D,SAL,,,,,7,,2026-03-01,1,0,0,,
consumption,,,,,,235,0.12,,D,SAL,,,,,12,,2026-03-02,1,0,0,,
consumption,,,,,,220,0.12,,D,SAL,,,,,13,,2026-03-03,1,0,0,,
consumption,,,,,,216,0.12,,D,SAL,,,,,13,,2026-03-04,1,0,0,,
consumption,,,,,,210,0.12,,D,SAL,,,,,14,,2026-03-05,1,0,0,,
consumption,,,,,,228,0.12,,D,SAL,,,,,20,,2026-03-06,1,0,0,,
consumption,,,,,,184,0.12,,D,SAL,,,,,12,,2026-03-07,1,0,0,,
consumption,,,,,,172,0.12,,D,SAL,,,,,10,,2026-03-08,1,0,0,,
consumption,,,,,,235,0.12,,D,SAL,,,,,11,,2026-03-09,1,0,0,,
consumption,,,,,,220,0.12,,D,SAL,,,,,15,,2026-03-10,1,0,0,,
consumption,,,,,,216,0.12,,D,SAL,,,,,22,,2026-03-11,1,0,0,,
consumption,,,,,,210,0.12,,D,SAL,,,,,17,,2026-03-12,1,0,0,,
consumption,,,,,,228,0.12,,D,SAL,,,,,16,,2026-03-13,1,0,0,,
consumption,,,,,,184,0.12,,D,SAL,,,,,10,,2026-03-14,1,0,0,,
consumption,,,,,,172,0.12,,D,SAL,,,,,7,,2026-03-15,1,0,0,,
consumption,,,,,,235,0.12,,D,SAL,,,,,9,,2026-03-16,1,0,0,,
consumption,,,,,,220,0.12,,D,SAL,,,,,7,,2026-03-17,1,0,0,,
consumption,,,,,,216,0.12,,D,SAL,,,,,8,,2026-03-18,1,0,0,,
consumption,,,,,,210,0.12,,D,SAL,,,,,8,,2026-03-19,1,0,0,,
consumption,,,,,,228,0.12,,D,SAL,,,,,17,,2026-03-20,1,0,0,,
consumption,,,,,,184,0.12,,D,SAL,,,,,12,,2026-03-21,1,0,0,,
consumption,,,,,,172,0.12,,D,SAL,,,,,7,,2026-03-22,1,0,0,,
consumption,,,,,,235,0.12,,D,SAL,,,,,14,,2026-03-23,1,0,0,,
consumption,,,,,,220,0.12,,D,SAL,,,,,17,,2026-03-24,1,0,0,,
consumption,,,,,,216,0.12,,D,SAL,,,,,17,,2026-03-25,1,0,0,,
consumption,,,,,,210,0.12,,D,SAL,,,,,11,,2026-03-26,1,0,0,,
consumption,,,,,,228,0.12,,D,SAL,,,,,8,,2026-03-27,1,0,0,,
consumption,,,,,,184,0.12,,D,SAL,,,,,10,,2026-03-28,1,0,0,,
consumption,,,,,,172,0.12,,D,SAL,,,,,9,,2026-03-29,1,0,0,,
consumption,,,,,,235,0.12,,D,SAL,,,,,13,,2026-03-30,1,0,0,,
consumption,,,,,,220,0.12,,D,SAL,,,,,14,,2026-03-31,1,0,0,,
consumption,,,,,,216,0.12,,D,SAL,,,,,15,,2026-04-01,1,0,0,,
consumption,,,,,,210,0.12,,D,SAL,,,,,15,,2026-04-02,1,0,0,,
consumption,,,,,,228,0.12,,D,SAL,,,,,13,,2026-04-03,1,0,0,,
consumption,,,,,,184,0.12,,D,SAL,,,,,13,,2026-04-04,1,0,0,,
consumption,,,,,,172,0.12,,D,SAL,,,,,8,,2026-04-05,1,0,0,,
consumption,,,,,,235,0.12,,D,SAL,,,,,8,,2026-04-06,1,0,0,,
consumption,,,,,,220,0.12,,D,SAL,,,,,18,,2026-04-07,1,0,0,,
consumption,,,,,,216,0.12,,D,SAL,,,,,13,,2026-04-08,1,0,0,,
consumption,,,,,,210,0.12,,D,SAL,,,,,15,,2026-04-09,1,0,0,,
consumption,,,,,,228,0.12,,D,SAL,,,,,23,,2026-04-10,1,0,0,,
consumption,,,,,,184,0.12,,D,SAL,,,,,9,,2026-04-11,1,0,0,,
consumption,,,,,,172,0.12,,D,SAL,,,,,11,,2026-04-12,1,0,0,,
consumption,,,,,,235,0.12,,D,SAL,,,,,14,,2026-04-13,1,0,0,,
consumption,,,,,,220,0.12,,D,SAL,,,,,11,,2026-04-14,1,0,0,,
consumption,,,,,,216,0.12,,D,SAL,,,,,19,,2026-04-15,1,0,0,,
consumption,,,,,,210,0.12,,D,SAL,,,,,19,,2026-04-16,1,0,0,,
consumption,,,,,,228,0.12,,D,SAL,,,,,19,,2026-04-17,1,0,0,,
consumption,,,,,,184,0.12,,D,SAL,,,,,11,,2026-04-18,1,0,0,,
consumption,,,,,,172,0.12,,D,SAL,,,,,15,,2026-04-19,1,0,0,,
consumption,,,,,,235,0.12,,D,SAL,,,,,18,,2026-04-20,1,0,0,,
consumption,,,,,,220,0.12,,D,SAL,,,,,21,,2026-04-21,1,0,0,,
consumption,,,,,,216,0.12,,D,SAL,,,,,14,,2026-04-22,1,0,0,,
consumption,,,,,,210,0.12,,D,SAL,,,,,13,,2026-04-23,1,0,0,,
consumption,,,,,,228,0.12,,D,SAL,,,,,19,,2026-04-24,1,0,0,,
consumption,,,,,,184,0.12,,D,SAL,,,,,20,,2026-04-25,1,0,0,,
consumption,,,,,,172,0.12,,D,SAL,,,,,11,,2026-04-26,1,0,0,,
consumption,,,,,,235,0.12,,D,SAL,,,,,9,,2026-04-27,1,0,0,,
consumption,,,,,,220,0.12,,D,SAL,,,,,16,,2026-04-28,1,0,0,,
consumption,,,,,,216,0.12,,D,SAL,,,,,10,,2026-04-29,1,0,0,,
consumption,,,,,,210,0.12,,D,SAL,,,,,16,,2026-04-30,1,0,0,,
consumption,,,,,,228,0.12,,D,SAL,,,,,15,,2026-05-01,1,0,0,,
consumption,,,,,,184,0.12,,D,SAL,,,,,14,,2026-05-02,1,0,0,,
consumption,,,,,,172,0.12,,D,SAL,,,,,8,,2026-05-03,1,0,0,,
consumption,,,,,,235,0.12,,D,SAL,,,,,19,,2026-05-04,1,0,0,,
consumption,,,,,,220,0.12,,D,SAL,,,,,15,,2026-05-05,1,0,0,,
consumption,,,,,,216,0.12,,D,SAL,,,,,18,,2026-05-06,1,0,0,,
consumption,,,,,,210,0.12,,D,SAL,,,,,10,,2026-05-07,1,0,0,,
consumption,,,,,,228,0.12,,D,SAL,,,,,18,,2026-05-08,1,0,0,,
consumption,,,,,,184,0.12,,D,SAL,,,,,15,,2026-05-09,1,0,0,,
consumption,,,,,,172,0.12,,D,SAL,,,,,9,,2026-05-10,1,0,0,,
consumption,,,,,,235,0.12,,D,SAL,,,,,11,,2026-05-11,1,0,0,,
consumption,,,,,,220,0.12,,D,SAL,,,,,13,,2026-05-12,1,0,0,,
consumption,,,,,,216,0.12,,D,SAL,,,,,14,,2026-05-13,1,0,0,,
consumption,,,,,,210,0.12,,D,SAL,,,,,17,,2026-05-14,1,0,0,,
consumption,,,,,,228,0.12,,D,SAL,,,,,9,,2026-05-15,1,0,0,,
consumption,,,,,,184,0.12,,D,SAL,,,,,10,,2026-05-16,1,0,0,,
consumption,,,,,,172,0.12,,D,SAL,,,,,12,,2026-05-17,1,0,0,,
consumption,,,,,,235,0.12,,D,SAL,,,,,12,,2026-05-18,1,0,0,,
consumption,,,,,,220,0.12,,D,SAL,,,,,13,,2026-05-19,1,0,0,,
consumption,,,,,,216,0.12,,D,SAL,,,,,17,,2026-05-20,1,0,0,,
consumption,,,,,,210,0.12,,D,SAL,,,,,13,,2026-05-21,1,0,0,,
consumption,,,,,,228,0.12,,D,SAL,,,,,11,,2026-05-22,1,0,0,,
consumption,,,,,,184,0.12,,D,SAL,,,,,14,,2026-05-23,1,0,0,,
consumption,,,,,,172,0.12,,D,SAL,,,,,9,,2026-05-24,1,0,0,,
consumption,,,,,,235,0.12,,D,SAL,,,,,15,,2026-05-25,1,0,0,,
consumption,,,,,,220,0.12,,D,SAL,,,,,14,,2026-05-26,1,0,0,,
consumption,,,,,,216,0.12,,D,SAL,,,,,17,,2026-05-27,1,0,0,,
consumption,,,,,,210,0.12,,D,SAL,,,,,9,,2026-05-28,1,0,0,,
consumption,,,,,,228,0.12,,D,SAL,,,,,14,,2026-05-29,1,0,0,,
consumption,,,,,,184,0.12,,D,SAL,,,,,12,,2026-05-30,1,0,0,,
consumption,,,,,,172,0.12,,D,SAL,,,,,7,,2026-05-31,1,0,0,,
consumption,,,,,,235,0.12,,D,SAL,,,,,15,,2026-06-01,1,0,0,,
consumption,,,,,,220,0.12,,D,SAL,,,,,13,,2026-06-02,1,0,0,,
consumption,,,,,,216,0.12,,D,SAL,,,,,9,,2026-06-03,1,0,0,,
consumption,,,,,,210,0.12,,D,SAL,,,,,10,,2026-06-04,1,0,0,,
consumption,,,,,,228,0.12,,D,SAL,,,,,17,,2026-06-05,1,0,0,,
consumption,,,,,,184,0.12,,D,SAL,,,,,3,,2026-06-06,1,0,0,,
consumption,,,,,,172,0.12,,D,SAL,,,,,9,,2026-06-07,1,0,0,,
consumption,,,,,,235,0.12,,D,SAL,,,,,14,,2026-06-08,1,0,0,,
consumption,,,,,,220,0.12,,D,SAL,,,,,11,,2026-06-09,1,0,0,,
consumption,,,,,,216,0.12,,D,SAL,,,,,22,,2026-06-10,1,0,0,,
consumption,,,,,,210,0.12,,D,SAL,,,,,14,,2026-06-11,1,0,0,,
consumption,,,,,,228,0.12,,D,SAL,,,,,22,,2026-06-12,1,0,0,,
consumption,,,,,,184,0.12,,D,SAL,,,,,11,,2026-06-13,1,0,0,,
consumption,,,,,,172,0.12,,D,SAL,,,,,6,,2026-06-14,1,0,0,,
consumption,,,,,,235,0.12,,D,SAL,,,,,16,,2026-06-15,1,0,0,,
consumption,,,,,,220,0.12,,D,SAL,,,,,14,,2026-06-16,1,0,0,,
consumption,,,,,,216,0.12,,D,SAL,,,,,18,,2026-06-17,1,0,0,,
consumption,,,,,,210,0.12,,D,SAL,,,,,21,,2026-06-18,1,0,0,,
consumption,,,,,,228,0.12,,D,SAL,,,,,15,,2026-06-19,1,0,0,,
consumption,,,,,,184,0.12,,D,SAL,,,,,8,,2026-06-20,1,0,0,,
consumption,,,,,,172,0.12,,D,SAL,,,,,11,,2026-06-21,1,0,0,,
consumption,,,,,,235,0.12,,D,SAL,,,,,7,,2026-06-22,1,0,0,,
consumption,,,,,,220,0.12,,D,SAL,,,,,15,,2026-06-23,1,0,0,,
consumption,,,,,,216,0.12,,D,SAL,,,,,18,,2026-06-24,1,0,0,,
consumption,,,,,,210,0.12,,D,SAL,,,,,12,,2026-06-25,1,0,0,,
consumption,,,,,,228,0.12,,D,SAL,,,,,12,,2026-06-26,1,0,0,,
consumption,,,,,,184,0.12,,D,SAL,,,,,15,,2026-06-27,1,0,0,,
consumption,,,,,,172,0.12,,D,SAL,,,,,10,,2026-06-28,1,0,0,,
consumption,,,,,,235,0.12,,D,SAL,,,,,15,,2026-06-29,1,0,0,,
consumption,,,,,,220,0.12,,D,SAL,,,,,15,,2026-06-30,1,0,0,,
consumption,,,,,,216,0.12,,D,SAL,,,,,10,,2026-07-01,1,0,0,,
consumption,,,,,,210,0.12,,D,SAL,,,,,21,,2026-07-02,1,0,0,,
consumption,,,,,,228,0.12,,D,SAL,,,,,22,,2026-07-03,1,0,0,,
consumption,,,,,,184,0.12,,D,SAL,,,,,12,,2026-07-04,1,0,0,,
consumption,,,,,,172,0.12,,D,SAL,,,,,17,,2026-07-05,1,0,0,,
consumption,,,,,,235,0.12,,D,SAL,,,,,12,,2026-07-06,1,0,0,,
consumption,,,,,,220,0.12,,D,SAL,,,,,12,,2026-07-07,1,0,0,,
consumption,,,,,,216,0.12,,D,SAL,,,,,17,,2026-07-08,1,0,0,,
consumption,,,,,,210,0.12,,D,SAL,,,,,11,,2026-07-09,1,0,0,,
consumption,,,,,,228,0.12,,D,SAL,,,,,27,,2026-07-10,1,0,0,,
consumption,,,,,,184,0.12,,D,SAL,,,,,19,,2026-07-11,1,0,0,,
consumption,,,,,,172,0.12,,D,SAL,,,,,11,,2026-07-12,1,0,0,,
consumption,,,,,,235,0.12,,D,SAL,,,,,9,,2026-07-13,1,0,0,,
consumption,,,,,,220,0.12,,D,SAL,,,,,17,,2026-07-14,1,0,0,,
consumption,,,,,,216,0.12,,D,SAL,,,,,9,,2026-07-15,1,0,0,,
consumption,,,,,,210,0.12,,D,SAL,,,,,10,,2026-07-16,1,0,0,,
consumption,,,,,,228,0.12,,D,SAL,,,,,21,,2026-07-17,1,0,0,,
consumption,,,,,,184,0.12,,D,SAL,,,,,11,,2026-07-18,1,0,0,,
consumption,,,,,,172,0.12,,D,SAL,,,,,10,,2026-07-19,1,0,0,,
consumption,,,,,,235,0.12,,D,SAL,,,,,21,,2026-07-20,1,0,0,,
consumption,,,,,,220,0.12,,D,SAL,,,,,13,,2026-07-21,1,0,0,,
consumption,,,,,,216,0.12,,D,SAL,,,,,11,,2026-07-22,1,0,0,,
consumption,,,,,,210,0.12,,D,SAL,,,,,20,,2026-07-23,1,0,0,,
consumption,,,,,,228,0.12,,D,SAL,,,,,17,,2026-07-24,1,0,0,,
consumption,,,,,,184,0.12,,D,SAL,,,,,11,,2026-07-25,1,0,0,,
consumption,,,,,,172,0.12,,D,SAL,,,,,7,,2026-07-26,1,0,0,,
consumption,,,,,,235,0.12,,D,SAL,,,,,14,,2026-07-27,1,0,0,,
consumption,,,,,,220,0.12,,D,SAL,,,,,15,,2026-07-28,1,0,0,,
consumption,,,,,,216,0.12,,D,SAL,,,,,21,,2026-07-29,1,0,0,,
consumption,,,,,,210,0.12,,D,SAL,,,,,10,,2026-07-30,1,0,0,,
consumption,,,,,,228,0.12,,D,SAL,,,,,20,,2026-07-31,1,0,0,,
consumption,,,,,,184,0.12,,D,SAL,,,,,4,,2026-08-01,1,0,0,,
consumption,,,,,,172,0.12,,D,SAL,,,,,17,,2026-08-02,1,0,0,,
consumption,,,,,,235,0.12,,D,SAL,,,,,10,,2026-08-03,1,0,0,,
consumption,,,,,,220,0.12,,D,SAL,,,,,18,,2026-08-04,1,0,0,,
consumption,,,,,,216,0.12,,D,SAL,,,,,14,,2026-08-05,1,0,0,,
consumption,,,,,,210,0.12,,D,SAL,,,,,10,,2026-08-06,1,0,0,,
consumption,,,,,,228,0.12,,D,SAL,,,,,26,,2026-08-07,1,0,0,,
consumption,,,,,,184,0.12,,D,SAL,,,,,10,,2026-08-08,1,0,0,,
consumption,,,,,,172,0.12,,D,SAL,,,,,12,,2026-08-09,1,0,0,,
consumption,,,,,,235,0.12,,D,SAL,,,,,16,,2026-08-10,1,0,0,,
consumption,,,,,,220,0.12,,D,SAL,,,,,18,,2026-08-11,1,0,0,,
consumption,,,,,,216,0.12,,D,SAL,,,,,21,,2026-08-12,1,0,0,,
consumption,,,,,,210,0.12,,D,SAL,,,,,10,,2026-08-13,1,0,0,,
consumption,,,,,,228,0.12,,D,SAL,,,,,12,,2026-08-14,1,0,0,,
consumption,,,,,,184,0.12,,D,SAL,,,,,21,,2026-08-15,1,0,0,,
consumption,,,,,,172,0.12,,D,SAL,,,,,17,,2026-08-16,1,0,0,,
consumption,,,,,,235,0.12,,D,SAL,,,,,11,,2026-08-17,1,0,0,,
consumption,,,,,,220,0.12,,D,SAL,,,,,12,,2026-08-18,1,0,0,,
consumption,,,,,,216,0.12,,D,SAL,,,,,11,,2026-08-19,1,0,0,,
consumption,,,,,,210,0.12,,D,SAL,,,,,12,,2026-08-20,1,0,0,,
consumption,,,,,,228,0.12,,D,SAL,,,,,15,,2026-08-21,1,0,0,,
consumption,,,,,,184,0.12,,D,SAL,,,,,10,,2026-08-22,1,0,0,,
consumption,,,,,,172,0.12,,D,SAL,,,,,16,,2026-08-23,1,0,0,,
consumption,,,,,,235,0.12,,D,SAL,,,,,13,,2026-08-24,1,0,0,,
consumption,,,,,,220,0.12,,D,SAL,,,,,13,,2026-08-25,1,0,0,,
consumption,,,,,,216,0.12,,D,SAL,,,,,12,,2026-08-26,1,0,0,,
consumption,,,,,,210,0.12,,D,SAL,,,,,16,,2026-08-27,1,0,0,,
consumption,,,,,,228,0.12,,D,SAL,,,,,20,,2026-08-28,1,0,0,,
consumption,,,,,,184,0.12,,D,SAL,,,,,14,,2026-08-29,1,0,0,,
consumption,,,,,,172,0.12,,D,SAL,,,,,7,,2026-08-30,1,0,0,,
consumption,,,,,,235,0.12,,D,SAL,,,,,10,,2026-08-31,1,0,0,,
consumption,,,,,,220,0.12,,D,SAL,,,,,9,,2026-09-01,1,0,0,,
consumption,,,,,,216,0.12,,D,SAL,,,,,16,,2026-09-02,1,0,0,,
consumption,,,,,,210,0.12,,D,SAL,,,,,6,,2026-09-03,1,0,0,,
consumption,,,,,,228,0.12,,D,SAL,,,,,19,,2026-09-04,1,0,0,,
consumption,,,,,,184,0.12,,D,SAL,,,,,14,,2026-09-05,1,0,0,,
consumption,,,,,,172,0.12,,D,SAL,,,,,5,,2026-09-06,1,0,0,,
consumption,,,,,,235,0.12,,D,SAL,,,,,12,,2026-09-07,1,0,0,,
consumption,,,,,,220,0.12,,D,SAL,,,,,12,,2026-09-08,1,0,0,,
consumption,,,,,,216,0.12,,D,SAL,,,,,10,,2026-09-09,1,0,0,,
consumption,,,,,,210,0.12,,D,SAL,,,,,10,,2026-09-10,1,0,0,,
consumption,,,,,,228,0.12,,D,SAL,,,,,13,,2026-09-11,1,0,0,,
consumption,,,,,,184,0.12,,D,SAL,,,,,16,,2026-09-12,1,0,0,,
consumption,,,,,,172,0.12,,D,SAL,,,,,12,,2026-09-13,1,0,0,,
consumption,,,,,,235,0.12,,D,SAL,,,,,11,,2026-09-14,1,0,0,,
consumption,,,,,,220,0.12,,D,SAL,,,,,19,,2026-09-15,1,0,0,,
consumption,,,,,,216,0.12,,D,SAL,,,,,10,,2026-09-16,1,0,0,,
consumption,,,,,,210,0.12,,D,SAL,,,,,14,,2026-09-17,1,0,0,,
consumption,,,,,,228,0.12,,D,SAL,,,,,15,,2026-09-18,1,0,0,,
consumption,,,,,,184,0.12,,D,SAL,,,,,10,,2026-09-19,1,0,0,,
consumption,,,,,,172,0.12,,D,SAL,,,,,9,,2026-09-20,1,0,0,,
consumption,,,,,,235,0.12,,D,SAL,,,,,14,,2026-09-21,1,0,0,,
consumption,,,,,,220,0.12,,D,SAL,,,,,21,,2026-09-22,1,0,0,,
consumption,,,,,,216,0.12,,D,SAL,,,,,19,,2026-09-23,1,0,0,,
consumption,,,,,,210,0.12,,D,SAL,,,,,15,,2026-09-24,1,0,0,,
consumption,,,,,,228,0.12,,D,SAL,,,,,8,,2026-09-25,1,0,0,,
consumption,,,,,,184,0.12,,D,SAL,,,,,12,,2026-09-26,1,0,0,,
consumption,,,,,,172,0.12,,D,SAL,,,,,13,,2026-09-27,1,0,0,,
consumption,,,,,,235,0.12,,D,SAL,,,,,12,,2026-09-28,1,0,0,,
consumption,,,,,,220,0.12,,D,SAL,,,,,20,,2026-09-29,1,0,0,,
consumption,,,,,,216,0.12,,D,SAL,,,,,12,,2026-09-30,1,0,0,,
consumption,,,,,,210,0.12,,D,SAL,,,,,14,,2026-10-01,1,0,0,,
consumption,,,,,,228,0.12,,D,SAL,,,,,9,,2026-10-02,1,0,0,,
consumption,,,,,,184,0.12,,D,SAL,,,,,10,,2026-10-03,1,0,0,,
consumption,,,,,,172,0.12,,D,SAL,,,,,13,,2026-10-04,1,0,0,,
consumption,,,,,,220,0.12,,D,MSK,,,,,106,,2026-02-10,1,0,0,,
consumption,,,,,,216,0.12,,D,MSK,,,,,106,,2026-02-11,1,0,0,,
consumption,,,,,,210,0.12,,D,MSK,,,,,99,,2026-02-12,1,0,0,,
consumption,,,,,,228,0.12,,D,MSK,,,,,120,,2026-02-13,1,0,0,,
consumption,,,,,,184,0.12,,D,MSK,,,,,104,,2026-02-14,1,0,0,,
consumption,,,,,,172,0.12,,D,MSK,,,,,94,,2026-02-15,1,0,0,,
consumption,,,,,,235,0.12,,D,MSK,,,,,134,,2026-02-16,1,0,0,,
consumption,,,,,,220,0.12,,D,MSK,,,,,107,,2026-02-17,1,0,0,,
consumption,,,,,,216,0.12,,D,MSK,,,,,133,,2026-02-18,1,0,0,,
consumption,,,,,,210,0.12,,D,MSK,,,,,112,,2026-02-19,1,0,0,,
consumption,,,,,,228,0.12,,D,MSK,,,,,122,,2026-02-20,1,0,0,,
consumption,,,,,,184,0.12,,D,MSK,,,,,108,,2026-02-21,1,0,0,,
consumption,,,,,,172,0.12,,D,MSK,,,,,92,,2026-02-22,1,0,0,,
consumption,,,,,,235,0.12,,D,MSK,,,,,149,,2026-02-23,1,0,0,,
consumption,,,,,,220,0.12,,D,MSK,,,,,118,,2026-02-24,1,0,0,,
consumption,,,,,,216,0.12,,D,MSK,,,,,100,,2026-02-25,1,0,0,,
consumption,,,,,,210,0.12,,D,MSK,,,,,100,,2026-02-26,1,0,0,,
consumption,,,,,,228,0.12,,D,MSK,,,,,134,,2026-02-27,1,0,0,,
consumption,,,,,,184,0.12,,D,MSK,,,,,94,,2026-02-28,1,0,0,,
consumption,,,,,,172,0.12,,D,MSK,,,,,101,,2026-03-01,1,0,0,,
consumption,,,,,,235,0.12,,D,MSK,,,,,128,,2026-03-02,1,0,0,,
consumption,,,,,,220,0.12,,D,MSK,,,,,134,,2026-03-03,1,0,0,,
consumption,,,,,,216,0.12,,D,MSK,,,,,113,,2026-03-04,1,0,0,,
consumption,,,,,,210,0.12,,D,MSK,,,,,109,,2026-03-05,1,0,0,,
consumption,,,,,,228,0.12,,D,MSK,,,,,119,,2026-03-06,1,0,0,,
consumption,,,,,,184,0.12,,D,MSK,,,,,98,,2026-03-07,1,0,0,,
consumption,,,,,,172,0.12,,D,MSK,,,,,99,,2026-03-08,1,0,0,,
consumption,,,,,,235,0.12,,D,MSK,,,,,124,,2026-03-09,1,0,0,,
consumption,,,,,,220,0.12,,D,MSK,,,,,135,,2026-03-10,1,0,0,,
consumption,,,,,,216,0.12,,D,MSK,,,,,116,,2026-03-11,1,0,0,,
consumption,,,,,,210,0.12,,D,MSK,,,,,107,,2026-03-12,1,0,0,,
consumption,,,,,,228,0.12,,D,MSK,,,,,141,,2026-03-13,1,0,0,,
consumption,,,,,,184,0.12,,D,MSK,,,,,99,,2026-03-14,1,0,0,,
consumption,,,,,,172,0.12,,D,MSK,,,,,83,,2026-03-15,1,0,0,,
consumption,,,,,,235,0.12,,D,MSK,,,,,125,,2026-03-16,1,0,0,,
consumption,,,,,,220,0.12,,D,MSK,,,,,122,,2026-03-17,1,0,0,,
consumption,,,,,,216,0.12,,D,MSK,,,,,126,,2026-03-18,1,0,0,,
consumption,,,,,,210,0.12,,D,MSK,,,,,111,,2026-03-19,1,0,0,,
consumption,,,,,,228,0.12,,D,MSK,,,,,118,,2026-03-20,1,0,0,,
consumption,,,,,,184,0.12,,D,MSK,,,,,126,,2026-03-21,1,0,0,,
consumption,,,,,,172,0.12,,D,MSK,,,,,88,,2026-03-22,1,0,0,,
consumption,,,,,,235,0.12,,D,MSK,,,,,115,,2026-03-23,1,0,0,,
consumption,,,,,,220,0.12,,D,MSK,,,,,116,,2026-03-24,1,0,0,,
consumption,,,,,,216,0.12,,D,MSK,,,,,104,,2026-03-25,1,0,0,,
consumption,,,,,,210,0.12,,D,MSK,,,,,105,,2026-03-26,1,0,0,,
consumption,,,,,,228,0.12,,D,MSK,,,,,129,,2026-03-27,1,0,0,,
consumption,,,,,,184,0.12,,D,MSK,,,,,98,,2026-03-28,1,0,0,,
consumption,,,,,,172,0.12,,D,MSK,,,,,88,,2026-03-29,1,0,0,,
consumption,,,,,,235,0.12,,D,MSK,,,,,112,,2026-03-30,1,0,0,,
consumption,,,,,,220,0.12,,D,MSK,,,,,119,,2026-03-31,1,0,0,,
consumption,,,,,,216,0.12,,D,MSK,,,,,118,,2026-04-01,1,0,0,,
consumption,,,,,,210,0.12,,D,MSK,,,,,127,,2026-04-02,1,0,0,,
consumption,,,,,,228,0.12,,D,MSK,,,,,121,,2026-04-03,1,0,0,,
consumption,,,,,,184,0.12,,D,MSK,,,,,89,,2026-04-04,1,0,0,,
consumption,,,,,,172,0.12,,D,MSK,,,,,104,,2026-04-05,1,0,0,,
consumption,,,,,,235,0.12,,D,MSK,,,,,123,,2026-04-06,1,0,0,,
consumption,,,,,,220,0.12,,D,MSK,,,,,111,,2026-04-07,1,0,0,,
consumption,,,,,,216,0.12,,D,MSK,,,,,114,,2026-04-08,1,0,0,,
consumption,,,,,,210,0.12,,D,MSK,,,,,124,,2026-04-09,1,0,0,,
consumption,,,,,,228,0.12,,D,MSK,,,,,114,,2026-04-10,1,0,0,,
consumption,,,,,,184,0.12,,D,MSK,,,,,83,,2026-04-11,1,0,0,,
consumption,,,,,,172,0.12,,D,MSK,,,,,97,,2026-04-12,1,0,0,,
consumption,,,,,,235,0.12,,D,MSK,,,,,122,,2026-04-13,1,0,0,,
consumption,,,,,,220,0.12,,D,MSK,,,,,129,,2026-04-14,1,0,0,,
consumption,,,,,,216,0.12,,D,MSK,,,,,124,,2026-04-15,1,0,0,,
consumption,,,,,,210,0.12,,D,MSK,,,,,111,,2026-04-16,1,0,0,,
consumption,,,,,,228,0.12,,D,MSK,,,,,103,,2026-04-17,1,0,0,,
consumption,,,,,,184,0.12,,D,MSK,,,,,92,,2026-04-18,1,0,0,,
consumption,,,,,,172,0.12,,D,MSK,,,,,85,,2026-04-19,1,0,0,,
consumption,,,,,,235,0.12,,D,MSK,,,,,110,,2026-04-20,1,0,0,,
consumption,,,,,,220,0.12,,D,MSK,,,,,124,,2026-04-21,1,0,0,,
consumption,,,,,,216,0.12,,D,MSK,,,,,109,,2026-04-22,1,0,0,,
consumption,,,,,,210,0.12,,D,MSK,,,,,117,,2026-04-23,1,0,0,,
consumption,,,,,,228,0.12,,D,MSK,,,,,128,,2026-04-24,1,0,0,,
consumption,,,,,,184,0.12,,D,MSK,,,,,117,,2026-04-25,1,0,0,,
consumption,,,,,,172,0.12,,D,MSK,,,,,99,,2026-04-26,1,0,0,,
consumption,,,,,,235,0.12,,D,MSK,,,,,118,,2026-04-27,1,0,0,,
consumption,,,,,,220,0.12,,D,MSK,,,,,97,,2026-04-28,1,0,0,,
consumption,,,,,,216,0.12,,D,MSK,,,,,131,,2026-04-29,1,0,0,,
consumption,,,,,,210,0.12,,D,MSK,,,,,102,,2026-04-30,1,0,0,,
consumption,,,,,,228,0.12,,D,MSK,,,,,120,,2026-05-01,1,0,0,,
consumption,,,,,,184,0.12,,D,MSK,,,,,93,,2026-05-02,1,0,0,,
consumption,,,,,,172,0.12,,D,MSK,,,,,87,,2026-05-03,1,0,0,,
consumption,,,,,,235,0.12,,D,MSK,,,,,143,,2026-05-04,1,0,0,,
consumption,,,,,,220,0.12,,D,MSK,,,,,113,,2026-05-05,1,0,0,,
consumption,,,,,,216,0.12,,D,MSK,,,,,120,,2026-05-06,1,0,0,,
consumption,,,,,,210,0.12,,D,MSK,,,,,111,,2026-05-07,1,0,0,,
consumption,,,,,,228,0.12,,D,MSK,,,,,113,,2026-05-08,1,0,0,,
consumption,,,,,,184,0.12,,D,MSK,,,,,108,,2026-05-09,1,0,0,,
consumption,,,,,,172,0.12,,D,MSK,,,,,74,,2026-05-10,1,0,0,,
consumption,,,,,,235,0.12,,D,MSK,,,,,139,,2026-05-11,1,0,0,,
consumption,,,,,,220,0.12,,D,MSK,,,,,113,,2026-05-12,1,0,0,,
consumption,,,,,,216,0.12,,D,MSK,,,,,113,,2026-05-13,1,0,0,,
consumption,,,,,,210,0.12,,D,MSK,,,,,105,,2026-05-14,1,0,0,,
consumption,,,,,,228,0.12,,D,MSK,,,,,131,,2026-05-15,1,0,0,,
consumption,,,,,,184,0.12,,D,MSK,,,,,98,,2026-05-16,1,0,0,,
consumption,,,,,,172,0.12,,D,MSK,,,,,104,,2026-05-17,1,0,0,,
consumption,,,,,,235,0.12,,D,MSK,,,,,126,,2026-05-18,1,0,0,,
consumption,,,,,,220,0.12,,D,MSK,,,,,117,,2026-05-19,1,0,0,,
consumption,,,,,,216,0.12,,D,MSK,,,,,107,,2026-05-20,1,0,0,,
consumption,,,,,,210,0.12,,D,MSK,,,,,112,,2026-05-21,1,0,0,,
consumption,,,,,,228,0.12,,D,MSK,,,,,129,,2026-05-22,1,0,0,,
consumption,,,,,,184,0.12,,D,MSK,,,,,95,,2026-05-23,1,0,0,,
consumption,,,,,,172,0.12,,D,MSK,,,,,95,,2026-05-24,1,0,0,,
consumption,,,,,,235,0.12,,D,MSK,,,,,150,,2026-05-25,1,0,0,,
consumption,,,,,,220,0.12,,D,MSK,,,,,116,,2026-05-26,1,0,0,,
consumption,,,,,,216,0.12,,D,MSK,,,,,120,,2026-05-27,1,0,0,,
consumption,,,,,,210,0.12,,D,MSK,,,,,132,,2026-05-28,1,0,0,,
consumption,,,,,,228,0.12,,D,MSK,,,,,120,,2026-05-29,1,0,0,,
consumption,,,,,,184,0.12,,D,MSK,,,,,93,,2026-05-30,1,0,0,,
consumption,,,,,,172,0.12,,D,MSK,,,,,87,,2026-05-31,1,0,0,,
consumption,,,,,,235,0.12,,D,MSK,,,,,118,,2026-06-01,1,0,0,,
consumption,,,,,,220,0.12,,D,MSK,,,,,132,,2026-06-02,1,0,0,,
consumption,,,,,,216,0.12,,D,MSK,,,,,115,,2026-06-03,1,0,0,,
consumption,,,,,,210,0.12,,D,MSK,,,,,114,,2026-06-04,1,0,0,,
consumption,,,,,,228,0.12,,D,MSK,,,,,103,,2026-06-05,1,0,0,,
consumption,,,,,,184,0.12,,D,MSK,,,,,128,,2026-06-06,1,0,0,,
consumption,,,,,,172,0.12,,D,MSK,,,,,80,,2026-06-07,1,0,0,,
consumption,,,,,,235,0.12,,D,MSK,,,,,135,,2026-06-08,1,0,0,,
consumption,,,,,,220,0.12,,D,MSK,,,,,131,,2026-06-09,1,0,0,,
consumption,,,,,,216,0.12,,D,MSK,,,,,113,,2026-06-10,1,0,0,,
consumption,,,,,,210,0.12,,D,MSK,,,,,129,,2026-06-11,1,0,0,,
consumption,,,,,,228,0.12,,D,MSK,,,,,121,,2026-06-12,1,0,0,,
consumption,,,,,,184,0.12,,D,MSK,,,,,87,,2026-06-13,1,0,0,,
consumption,,,,,,172,0.12,,D,MSK,,,,,93,,2026-06-14,1,0,0,,
consumption,,,,,,235,0.12,,D,MSK,,,,,131,,2026-06-15,1,0,0,,
consumption,,,,,,220,0.12,,D,MSK,,,,,114,,2026-06-16,1,0,0,,
consumption,,,,,,216,0.12,,D,MSK,,,,,116,,2026-06-17,1,0,0,,
consumption,,,,,,210,0.12,,D,MSK,,,,,108,,2026-06-18,1,0,0,,
consumption,,,,,,228,0.12,,D,MSK,,,,,103,,2026-06-19,1,0,0,,
consumption,,,,,,184,0.12,,D,MSK,,,,,108,,2026-06-20,1,0,0,,
consumption,,,,,,172,0.12,,D,MSK,,,,,106,,2026-06-21,1,0,0,,
consumption,,,,,,235,0.12,,D,MSK,,,,,123,,2026-06-22,1,0,0,,
consumption,,,,,,220,0.12,,D,MSK,,,,,117,,2026-06-23,1,0,0,,
consumption,,,,,,216,0.12,,D,MSK,,,,,116,,2026-06-24,1,0,0,,
consumption,,,,,,210,0.12,,D,MSK,,,,,124,,2026-06-25,1,0,0,,
consumption,,,,,,228,0.12,,D,MSK,,,,,124,,2026-06-26,1,0,0,,
consumption,,,,,,184,0.12,,D,MSK,,,,,106,,2026-06-27,1,0,0,,
consumption,,,,,,172,0.12,,D,MSK,,,,,100,,2026-06-28,1,0,0,,
consumption,,,,,,235,0.12,,D,MSK,,,,,123,,2026-06-29,1,0,0,,
consumption,,,,,,220,0.12,,D,MSK,,,,,143,,2026-06-30,1,0,0,,
consumption,,,,,,216,0.12,,D,MSK,,,,,108,,2026-07-01,1,0,0,,
consumption,,,,,,210,0.12,,D,MSK,,,,,115,,2026-07-02,1,0,0,,
consumption,,,,,,228,0.12,,D,MSK,,,,,136,,2026-07-03,1,0,0,,
consumption,,,,,,184,0.12,,D,MSK,,,,,86,,2026-07-04,1,0,0,,
consumption,,,,,,172,0.12,,D,MSK,,,,,92,,2026-07-05,1,0,0,,
consumption,,,,,,235,0.12,,D,MSK,,,,,129,,2026-07-06,1,0,0,,
consumption,,,,,,220,0.12,,D,MSK,,,,,107,,2026-07-07,1,0,0,,
consumption,,,,,,216,0.12,,D,MSK,,,,,125,,2026-07-08,1,0,0,,
consumption,,,,,,210,0.12,,D,MSK,,,,,103,,2026-07-09,1,0,0,,
consumption,,,,,,228,0.12,,D,MSK,,,,,133,,2026-07-10,1,0,0,,
consumption,,,,,,184,0.12,,D,MSK,,,,,104,,2026-07-11,1,0,0,,
consumption,,,,,,172,0.12,,D,MSK,,,,,87,,2026-07-12,1,0,0,,
consumption,,,,,,235,0.12,,D,MSK,,,,,131,,2026-07-13,1,0,0,,
consumption,,,,,,220,0.12,,D,MSK,,,,,114,,2026-07-14,1,0,0,,
consumption,,,,,,216,0.12,,D,MSK,,,,,121,,2026-07-15,1,0,0,,
consumption,,,,,,210,0.12,,D,MSK,,,,,125,,2026-07-16,1,0,0,,
consumption,,,,,,228,0.12,,D,MSK,,,,,138,,2026-07-17,1,0,0,,
consumption,,,,,,184,0.12,,D,MSK,,,,,90,,2026-07-18,1,0,0,,
consumption,,,,,,172,0.12,,D,MSK,,,,,94,,2026-07-19,1,0,0,,
consumption,,,,,,235,0.12,,D,MSK,,,,,128,,2026-07-20,1,0,0,,
consumption,,,,,,220,0.12,,D,MSK,,,,,121,,2026-07-21,1,0,0,,
consumption,,,,,,216,0.12,,D,MSK,,,,,145,,2026-07-22,1,0,0,,
consumption,,,,,,210,0.12,,D,MSK,,,,,119,,2026-07-23,1,0,0,,
consumption,,,,,,228,0.12,,D,MSK,,,,,136,,2026-07-24,1,0,0,,
consumption,,,,,,184,0.12,,D,MSK,,,,,115,,2026-07-25,1,0,0,,
consumption,,,,,,172,0.12,,D,MSK,,,,,98,,2026-07-26,1,0,0,,
consumption,,,,,,235,0.12,,D,MSK,,,,,141,,2026-07-27,1,0,0,,
consumption,,,,,,220,0.12,,D,MSK,,,,,139,,2026-07-28,1,0,0,,
consumption,,,,,,216,0.12,,D,MSK,,,,,121,,2026-07-29,1,0,0,,
consumption,,,,,,210,0.12,,D,MSK,,,,,113,,2026-07-30,1,0,0,,
consumption,,,,,,228,0.12,,D,MSK,,,,,139,,2026-07-31,1,0,0,,
consumption,,,,,,184,0.12,,D,MSK,,,,,107,,2026-08-01,1,0,0,,
consumption,,,,,,172,0.12,,D,MSK,,,,,87,,2026-08-02,1,0,0,,
consumption,,,,,,235,0.12,,D,MSK,,,,,149,,2026-08-03,1,0,0,,
consumption,,,,,,220,0.12,,D,MSK,,,,,132,,2026-08-04,1,0,0,,
consumption,,,,,,216,0.12,,D,MSK,,,,,115,,2026-08-05,1,0,0,,
consumption,,,,,,210,0.12,,D,MSK,,,,,122,,2026-08-06,1,0,0,,
consumption,,,,,,228,0.12,,D,MSK,,,,,124,,2026-08-07,1,0,0,,
consumption,,,,,,184,0.12,,D,MSK,,,,,104,,2026-08-08,1,0,0,,
consumption,,,,,,172,0.12,,D,MSK,,,,,100,,2026-08-09,1,0,0,,
consumption,,,,,,235,0.12,,D,MSK,,,,,141,,2026-08-10,1,0,0,,
consumption,,,,,,220,0.12,,D,MSK,,,,,138,,2026-08-11,1,0,0,,
consumption,,,,,,216,0.12,,D,MSK,,,,,95,,2026-08-12,1,0,0,,
consumption,,,,,,210,0.12,,D,MSK,,,,,110,,2026-08-13,1,0,0,,
consumption,,,,,,228,0.12,,D,MSK,,,,,130,,2026-08-14,1,0,0,,
consumption,,,,,,184,0.12,,D,MSK,,,,,110,,2026-08-15,1,0,0,,
consumption,,,,,,172,0.12,,D,MSK,,,,,114,,2026-08-16,1,0,0,,
consumption,,,,,,235,0.12,,D,MSK,,,,,148,,2026-08-17,1,0,0,,
consumption,,,,,,220,0.12,,D,MSK,,,,,127,,2026-08-18,1,0,0,,
consumption,,,,,,216,0.12,,D,MSK,,,,,120,,2026-08-19,1,0,0,,
consumption,,,,,,210,0.12,,D,MSK,,,,,115,,2026-08-20,1,0,0,,
consumption,,,,,,228,0.12,,D,MSK,,,,,108,,2026-08-21,1,0,0,,
consumption,,,,,,184,0.12,,D,MSK,,,,,90,,2026-08-22,1,0,0,,
consumption,,,,,,172,0.12,,D,MSK,,,,,85,,2026-08-23,1,0,0,,
consumption,,,,,,235,0.12,,D,MSK,,,,,141,,2026-08-24,1,0,0,,
consumption,,,,,,220,0.12,,D,MSK,,,,,110,,2026-08-25,1,0,0,,
consumption,,,,,,216,0.12,,D,MSK,,,,,119,,2026-08-26,1,0,0,,
consumption,,,,,,210,0.12,,D,MSK,,,,,108,,2026-08-27,1,0,0,,
consumption,,,,,,228,0.12,,D,MSK,,,,,137,,2026-08-28,1,0,0,,
consumption,,,,,,184,0.12,,D,MSK,,,,,92,,2026-08-29,1,0,0,,
consumption,,,,,,172,0.12,,D,MSK,,,,,100,,2026-08-30,1,0,0,,
consumption,,,,,,235,0.12,,D,MSK,,,,,135,,2026-08-31,1,0,0,,
consumption,,,,,,220,0.12,,D,MSK,,,,,123,,2026-09-01,1,0,0,,
consumption,,,,,,216,0.12,,D,MSK,,,,,121,,2026-09-02,1,0,0,,
consumption,,,,,,210,0.12,,D,MSK,,,,,152,,2026-09-03,1,0,0,,
consumption,,,,,,228,0.12,,D,MSK,,,,,135,,2026-09-04,1,0,0,,
consumption,,,,,,184,0.12,,D,MSK,,,,,123,,2026-09-05,1,0,0,,
consumption,,,,,,172,0.12,,D,MSK,,,,,99,,2026-09-06,1,0,0,,
consumption,,,,,,235,0.12,,D,MSK,,,,,131,,2026-09-07,1,0,0,,
consumption,,,,,,220,0.12,,D,MSK,,,,,126,,2026-09-08,1,0,0,,
consumption,,,,,,216,0.12,,D,MSK,,,,,104,,2026-09-09,1,0,0,,
consumption,,,,,,210,0.12,,D,MSK,,,,,114,,2026-09-10,1,0,0,,
consumption,,,,,,228,0.12,,D,MSK,,,,,134,,2026-09-11,1,0,0,,
consumption,,,,,,184,0.12,,D,MSK,,,,,113,,2026-09-12,1,0,0,,
consumption,,,,,,172,0.12,,D,MSK,,,,,111,,2026-09-13,1,0,0,,
consumption,,,,,,235,0.12,,D,MSK,,,,,133,,2026-09-14,1,0,0,,
consumption,,,,,,220,0.12,,D,MSK,,,,,125,,2026-09-15,1,0,0,,
consumption,,,,,,216,0.12,,D,MSK,,,,,108,,2026-09-16,1,0,0,,
consumption,,,,,,210,0.12,,D,MSK,,,,,128,,2026-09-17,1,0,0,,
consumption,,,,,,228,0.12,,D,MSK,,,,,116,,2026-09-18,1,0,0,,
consumption,,,,,,184,0.12,,D,MSK,,,,,100,,2026-09-19,1,0,0,,
consumption,,,,,,172,0.12,,D,MSK,,,,,95,,2026-09-20,1,0,0,,
consumption,,,,,,235,0.12,,D,MSK,,,,,126,,2026-09-21,1,0,0,,
consumption,,,,,,220,0.12,,D,MSK,,,,,116,,2026-09-22,1,0,0,,
consumption,,,,,,216,0.12,,D,MSK,,,,,146,,2026-09-23,1,0,0,,
consumption,,,,,,210,0.12,,D,MSK,,,,,97,,2026-09-24,1,0,0,,
consumption,,,,,,228,0.12,,D,MSK,,,,,115,,2026-09-25,1,0,0,,
consumption,,,,,,184,0.12,,D,MSK,,,,,104,,2026-09-26,1,0,0,,
consumption,,,,,,172,0.12,,D,MSK,,,,,97,,2026-09-27,1,0,0,,
consumption,,,,,,235,0.12,,D,MSK,,,,,139,,2026-09-28,1,0,0,,
consumption,,,,,,220,0.12,,D,MSK,,,,,111,,2026-09-29,1,0,0,,
consumption,,,,,,216,0.12,,D,MSK,,,,,139,,2026-09-30,1,0,0,,
consumption,,,,,,210,0.12,,D,MSK,,,,,136,,2026-10-01,1,0,0,,
consumption,,,,,,228,0.12,,D,MSK,,,,,141,,2026-10-02,1,0,0,,
consumption,,,,,,184,0.12,,D,MSK,,,,,98,,2026-10-03,1,0,0,,
consumption,,,,,,172,0.12,,D,MSK,,,,,101,,2026-10-04,1,0,0,,
replenishment,PO-D-ORS,,,,,,,,D,ORS,sachet,,ambient,,576,2027-01-13T00:00:00+00:00,,,,,2026-10-12T00:00:00+00:00,1
replenishment,PO-D-SAL,,,,,,,,D,SAL,bag,,ambient,,312,2027-01-13T00:00:00+00:00,,,,,2026-10-12T00:00:00+00:00,1
replenishment,PO-D-MSK,,,,,,,,D,MSK,mask,,dry,,2640,2027-01-13T00:00:00+00:00,,,,,2026-10-12T00:00:00+00:00,1
