facility_id,supply_id,date,quantity,complete,stockout_censored,patient_load,emergency_share,report_indicator
D,ORS,2026-02-10,23,1,0,220,0.12,0
D,ORS,2026-02-11,28,1,0,216,0.12,0
D,ORS,2026-02-12,23,1,0,210,0.12,0
D,ORS,2026-02-13,19,1,0,228,0.12,0
D,ORS,2026-02-14,22,1,0,184,0.12,0
D,ORS,2026-02-15,13,1,0,172,0.12,0
D,ORS,2026-02-16,32,1,0,235,0.12,0
D,ORS,2026-02-17,22,1,0,220,0.12,0
D,ORS,2026-02-18,29,1,0,216,0.12,0
D,ORS,2026-02-19,28,1,0,210,0.12,0
D,ORS,2026-02-20,32,1,0,228,0.12,0
D,ORS,2026-02-21,22,1,0,184,0.12,0
D,ORS,2026-02-22,21,1,0,172,0.12,0
D,ORS,2026-02-23,24,1,0,235,0.12,0
D,ORS,2026-02-24,35,1,0,220,0.12,0
D,ORS,2026-02-25,19,1,0,216,0.12,0
D,ORS,2026-02-26,20,1,0,210,0.12,0
D,ORS,2026-02-27,22,1,0,228,0.12,0
D,ORS,2026-02-28,23,1,0,184,0.12,0
D,ORS,2026-03-01,18,1,0,172,0.12,0
D,ORS,2026-03-02,24,1,0,235,0.12,0
D,ORS,2026-03-03,26,1,0,220,0.12,0
D,ORS,2026-03-04,27,1,0,216,0.12,0
D,ORS,2026-03-05,26,1,0,210,0.12,0
D,ORS,2026-03-06,25,1,0,228,0.12,0
D,ORS,2026-03-07,11,1,0,184,0.12,0
D,ORS,2026-03-08,15,1,0,172,0.12,0
D,ORS,2026-03-09,32,1,0,235,0.12,0
D,ORS,2026-03-10,31,1,0,220,0.12,0
D,ORS,2026-03-11,22,1,0,216,0.12,0
D,ORS,2026-03-12,23,1,0,210,0.12,0
D,ORS,2026-03-13,28,1,0,228,0.12,0
D,ORS,2026-03-14,23,1,0,184,0.12,0
D,ORS,2026-03-15,20,1,0,172,0.12,0
D,ORS,2026-03-16,29,1,0,235,0.12,0
D,ORS,2026-03-17,32,1,0,220,0.12,0
D,ORS,2026-03-18,26,1,0,216,0.12,0
D,ORS,2026-03-19,25,1,0,210,0.12,0
D,ORS,2026-03-20,30,1,0,228,0.12,0
D,ORS,2026-03-21,20,1,0,184,0.12,0
D,ORS,2026-03-22,20,1,0,172,0.12,0
D,ORS,2026-03-23,25,1,0,235,0.12,0
D,ORS,2026-03-24,19,1,0,220,0.12,0
D,ORS,2026-03-25,30,1,0,216,0.12,0
D,ORS,2026-03-26,18,1,0,210,0.12,0
D,ORS,2026-03-27,30,1,0,228,0.12,0
D,ORS,2026-03-28,23,1,0,184,0.12,0
D,ORS,2026-03-29,22,1,0,172,0.12,0
D,ORS,2026-03-30,23,1,0,235,0.12,0
D,ORS,2026-03-31,33,1,0,220,0.12,0
D,ORS,2026-04-01,21,1,0,216,0.12,0
D,ORS,2026-04-02,31,1,0,210,0.12,0
D,ORS,2026-04-03,36,1,0,228,0.12,0
D,ORS,2026-04-04,18,1,0,184,0.12,0
D,ORS,2026-04-05,14,1,0,172,0.12,0
D,ORS,2026-04-06,32,1,0,235,0.12,0
D,ORS,2026-04-07,29,1,0,220,0.12,0
D,ORS,2026-04-08,18,1,0,216,0.12,0
D,ORS,2026-04-09,26,1,0,210,0.12,0
D,ORS,2026-04-10,28,1,0,228,0.12,0
D,ORS,2026-04-11,19,1,0,184,0.12,0
D,ORS,2026-04-12,20,1,0,172,0.12,0
D,ORS,2026-04-13,23,1,0,235,0.12,0
D,ORS,2026-04-14,25,1,0,220,0.12,0
D,ORS,2026-04-15,26,1,0,216,0.12,0
D,ORS,2026-04-16,30,1,0,210,0.12,0
D,ORS,2026-04-17,29,1,0,228,0.12,0
D,ORS,2026-04-18,25,1,0,184,0.12,0
D,ORS,2026-04-19,19,1,0,172,0.12,0
D,ORS,2026-04-20,23,1,0,235,0.12,0
D,ORS,2026-04-21,25,1,0,220,0.12,0
D,ORS,2026-04-22,25,1,0,216,0.12,0
D,ORS,2026-04-23,21,1,0,210,0.12,0
D,ORS,2026-04-24,31,1,0,228,0.12,0
D,ORS,2026-04-25,23,1,0,184,0.12,0
D,ORS,2026-04-26,27,1,0,172,0.12,0
D,ORS,2026-04-27,32,1,0,235,0.12,0
D,ORS,2026-04-28,32,1,0,220,0.12,0
D,ORS,2026-04-29,31,1,0,216,0.12,0
D,ORS,2026-04-30,30,1,0,210,0.12,0
D,ORS,2026-05-01,22,1,0,228,0.12,0
D,ORS,2026-05-02,17,1,0,184,0.12,0
D,ORS,2026-05-03,29,1,0,172,0.12,0
D,ORS,2026-05-04,32,1,0,235,0.12,0
D,ORS,2026-05-05,30,1,0,220,0.12,0
D,ORS,2026-05-06,32,1,0,216,0.12,0
D,ORS,2026-05-07,29,1,0,210,0.12,0
D,ORS,2026-05-08,26,1,0,228,0.12,0
D,ORS,2026-05-09,22,1,0,184,0.12,0
D,ORS,2026-05-10,21,1,0,172,0.12,0
D,ORS,2026-05-11,29,1,0,235,0.12,0
D,ORS,2026-05-12,20,1,0,220,0.12,0
D,ORS,2026-05-13,33,1,0,216,0.12,0
D,ORS,2026-05-14,29,1,0,210,0.12,0
D,ORS,2026-05-15,21,1,0,228,0.12,0
D,ORS,2026-05-16,25,1,0,184,0.12,0
D,ORS,2026-05-17,18,1,0,172,0.12,0
D,ORS,2026-05-18,20,1,0,235,0.12,0
D,ORS,2026-05-19,26,1,0,220,0.12,0
D,ORS,2026-05-20,21,1,0,216,0.12,0
D,ORS,2026-05-21,19,1,0,210,0.12,0
D,ORS,2026-05-22,23,1,0,228,0.12,0
D,ORS,2026-05-23,31,1,0,184,0.12,0
D,ORS,2026-05-24,22,1,0,172,0.12,0
D,ORS,2026-05-25,27,1,0,235,0.12,0
D,ORS,2026-05-26,26,1,0,220,0.12,0
D,ORS,2026-05-27,28,1,0,216,0.12,0
D,ORS,2026-05-28,29,1,0,210,0.12,0
D,ORS,2026-05-29,29,1,0,228,0.12,0
D,ORS,2026-05-30,11,1,0,184,0.12,0
D,ORS,2026-05-31,16,1,0,172,0.12,0
D,ORS,2026-06-01,36,1,0,235,0.12,0
D,ORS,2026-06-02,18,1,0,220,0.12,0
D,ORS,2026-06-03,43,1,0,216,0.12,0
D,ORS,2026-06-04,23,1,0,210,0.12,0
D,ORS,2026-06-05,18,1,0,228,0.12,0
D,ORS,2026-06-06,19,1,0,184,0.12,0
D,ORS,2026-06-07,20,1,0,172,0.12,0
D,ORS,2026-06-08,27,1,0,235,0.12,0
D,ORS,2026-06-09,26,1,0,220,0.12,0
D,ORS,2026-06-10,24,1,0,216,0.12,0
D,ORS,2026-06-11,23,1,0,210,0.12,0
D,ORS,2026-06-12,33,1,0,228,0.12,0
D,ORS,2026-06-13,23,1,0,184,0.12,0
D,ORS,2026-06-14,22,1,0,172,0.12,0
D,ORS,2026-06-15,29,1,0,235,0.12,0
D,ORS,2026-06-16,22,1,0,220,0.12,0
D,ORS,2026-06-17,27,1,0,216,0.12,0
D,ORS,2026-06-18,20,1,0,210,0.12,0
D,ORS,2026-06-19,29,1,0,228,0.12,0
D,ORS,2026-06-20,22,1,0,184,0.12,0
D,ORS,2026-06-21,20,1,0,172,0.12,0
D,ORS,2026-06-22,15,1,0,235,0.12,0
D,ORS,2026-06-23,23,1,0,220,0.12,0
D,ORS,2026-06-24,29,1,0,216,0.12,0
D,ORS,2026-06-25,26,1,0,210,0.12,0
D,ORS,2026-06-26,28,1,0,228,0.12,0
D,ORS,2026-06-27,28,1,0,184,0.12,0
D,ORS,2026-06-28,16,1,0,172,0.12,0
D,ORS,2026-06-29,21,1,0,235,0.12,0
D,ORS,2026-06-30,24,1,0,220,0.12,0
D,ORS,2026-07-01,18,1,0,216,0.12,0
D,ORS,2026-07-02,24,1,0,210,0.12,0
D,ORS,2026-07-03,26,1,0,228,0.12,0
D,ORS,2026-07-04,16,1,0,184,0.12,0
D,ORS,2026-07-05,20,1,0,172,0.12,0
D,ORS,2026-07-06,29,1,0,235,0.12,0
D,ORS,2026-07-07,30,1,0,220,0.12,0
D,ORS,2026-07-08,26,1,0,216,0.12,0
D,ORS,2026-07-09,25,1,0,210,0.12,0
D,ORS,2026-07-10,31,1,0,228,0.12,0
D,ORS,2026-07-11,25,1,0,184,0.12,0
D,ORS,2026-07-12,16,1,0,172,0.12,0
D,ORS,2026-07-13,27,1,0,235,0.12,0
D,ORS,2026-07-14,26,1,0,220,0.12,0
D,ORS,2026-07-15,31,1,0,216,0.12,0
D,ORS,2026-07-16,33,1,0,210,0.12,0
D,ORS,2026-07-17,31,1,0,228,0.12,0
D,ORS,2026-07-18,20,1,0,184,0.12,0
D,ORS,2026-07-19,22,1,0,172,0.12,0
D,ORS,2026-07-20,28,1,0,235,0.12,0
D,ORS,2026-07-21,29,1,0,220,0.12,0
D,ORS,2026-07-22,19,1,0,216,0.12,0
D,ORS,2026-07-23,28,1,0,210,0.12,0
D,ORS,2026-07-24,24,1,0,228,0.12,0
D,ORS,2026-07-25,19,1,0,184,0.12,0
D,ORS,2026-07-26,25,1,0,172,0.12,0
D,ORS,2026-07-27,34,1,0,235,0.12,0
D,ORS,2026-07-28,26,1,0,220,0.12,0
D,ORS,2026-07-29,23,1,0,216,0.12,0
D,ORS,2026-07-30,22,1,0,210,0.12,0
D,ORS,2026-07-31,29,1,0,228,0.12,0
D,ORS,2026-08-01,25,1,0,184,0.12,0
D,ORS,2026-08-02,16,1,0,172,0.12,0
D,ORS,2026-08-03,23,1,0,235,0.12,0
D,ORS,2026-08-04,29,1,0,220,0.12,0
D,ORS,2026-08-05,29,1,0,216,0.12,0
D,ORS,2026-08-06,35,1,0,210,0.12,0
D,ORS,2026-08-07,38,1,0,228,0.12,0
D,ORS,2026-08-08,22,1,0,184,0.12,0
D,ORS,2026-08-09,25,1,0,172,0.12,0
D,ORS,2026-08-10,22,1,0,235,0.12,0
D,ORS,2026-08-11,30,1,0,220,0.12,0
D,ORS,2026-08-12,20,1,0,216,0.12,0
D,ORS,2026-08-13,31,1,0,210,0.12,0
D,ORS,2026-08-14,26,1,0,228,0.12,0
D,ORS,2026-08-15,25,1,0,184,0.12,0
D,ORS,2026-08-16,16,1,0,172,0.12,0
D,ORS,2026-08-17,30,1,0,235,0.12,0
D,ORS,2026-08-18,27,1,0,220,0.12,0
D,ORS,2026-08-19,30,1,0,216,0.12,0
D,ORS,2026-08-20,27,1,0,210,0.12,0
D,ORS,2026-08-21,22,1,0,228,0.12,0
D,ORS,2026-08-22,25,1,0,184,0.12,0
D,ORS,2026-08-23,22,1,0,172,0.12,0
D,ORS,2026-08-24,22,1,0,235,0.12,0
D,ORS,2026-08-25,30,1,0,220,0.12,0
D,ORS,2026-08-26,21,1,0,216,0.12,0
D,ORS,2026-08-27,24,1,0,210,0.12,0
D,ORS,2026-08-28,18,1,0,228,0.12,0
D,ORS,2026-08-29,18,1,0,184,0.12,0
D,ORS,2026-08-30,21,1,0,172,0.12,0
D,ORS,2026-08-31,24,1,0,235,0.12,0
D,ORS,2026-09-01,27,1,0,220,0.12,0
D,ORS,2026-09-02,23,1,0,216,0.12,0
D,ORS,2026-09-03,27,1,0,210,0.12,0
D,ORS,2026-09-04,29,1,0,228,0.12,0
D,ORS,2026-09-05,27,1,0,184,0.12,0
D,ORS,2026-09-06,13,1,0,172,0.12,0
D,ORS,2026-09-07,17,1,0,235,0.12,0
D,ORS,2026-09-08,21,1,0,220,0.12,0
D,ORS,2026-09-09,24,1,0,216,0.12,0
D,ORS,2026-09-10,27,1,0,210,0.12,0
D,ORS,2026-09-11,25,1,0,228,0.12,0
D,ORS,2026-09-12,23,1,0,184,0.12,0
D,ORS,2026-09-13,20,1,0,172,0.12,0
D,ORS,2026-09-14,34,1,0,235,0.12,0
D,ORS,2026-09-15,28,1,0,220,0.12,0
D,ORS,2026-09-16,35,1,0,216,0.12,0
D,ORS,2026-09-17,31,1,0,210,0.12,0
D,ORS,2026-09-18,36,1,0,228,0.12,0
D,ORS,2026-09-19,22,1,0,184,0.12,0
D,ORS,2026-09-20,19,1,0,172,0.12,0
D,ORS,2026-09-21,31,1,0,235,0.12,0
D,ORS,2026-09-22,25,1,0,220,0.12,0
D,ORS,2026-09-23,26,1,0,216,0.12,0
D,ORS,2026-09-24,36,1,0,210,0.12,0
D,ORS,2026-09-25,26,1,0,228,0.12,0
D,ORS,2026-09-26,19,1,0,184,0.12,0
D,ORS,2026-09-27,18,1,0,172,0.12,0
D,ORS,2026-09-28,38,1,0,235,0.12,0
D,ORS,2026-09-29,17,1,0,220,0.12,0
D,ORS,2026-09-30,37,1,0,216,0.12,0
D,ORS,2026-10-01,26,1,0,210,0.12,0
D,ORS,2026-10-02,28,1,0,228,0.12,0
D,ORS,2026-10-03,19,1,0,184,0.12,0
D,ORS,2026-10-04,22,1,0,172,0.12,0
D,SAL,2026-02-10,17,1,0,220,0.12,0
D,SAL,2026-02-11,10,1,0,216,0.12,0
D,SAL,2026-02-12,12,1,0,210,0.12,0
D,SAL,2026-02-13,9,1,0,228,0.12,0
D,SAL,2026-02-14,11,1,0,184,0.12,0
D,SAL,2026-02-15,12,1,0,172,0.12,0
D,SAL,2026-02-16,12,1,0,235,0.12,0
D,SAL,2026-02-17,18,1,0,220,0.12,0
D,SAL,2026-02-18,11,1,0,216,0.12,0
D,SAL,2026-02-19,15,1,0,210,0.12,0
D,SAL,2026-02-20,11,1,0,228,0.12,0
D,SAL,2026-02-21,8,1,0,184,0.12,0
D,SAL,2026-02-22,15,1,0,172,0.12,0
D,SAL,2026-02-23,18,1,0,235,0.12,0
D,SAL,2026-02-24,14,1,0,220,0.12,0
D,SAL,2026-02-25,14,1,0,216,0.12,0
D,SAL,2026-02-26,14,1,0,210,0.12,0
D,SAL,2026-02-27,11,1,0,228,0.12,0
D,SAL,2026-02-28,9,1,0,184,0.12,0
D,SAL,2026-03-01,7,1,0,172,0.12,0
D,SAL,2026-03-02,12,1,0,235,0.12,0
D,SAL,2026-03-03,13,1,0,220,0.12,0
D,SAL,2026-03-04,13,1,0,216,0.12,0
D,SAL,2026-03-05,14,1,0,210,0.12,0
D,SAL,2026-03-06,20,1,0,228,0.12,0
D,SAL,2026-03-07,12,1,0,184,0.12,0
D,SAL,2026-03-08,10,1,0,172,0.12,0
D,SAL,2026-03-09,11,1,0,235,0.12,0
D,SAL,2026-03-10,15,1,0,220,0.12,0
D,SAL,2026-03-11,22,1,0,216,0.12,0
D,SAL,2026-03-12,17,1,0,210,0.12,0
D,SAL,2026-03-13,16,1,0,228,0.12,0
D,SAL,2026-03-14,10,1,0,184,0.12,0
D,SAL,2026-03-15,7,1,0,172,0.12,0
D,SAL,2026-03-16,9,1,0,235,0.12,0
D,SAL,2026-03-17,7,1,0,220,0.12,0
D,SAL,2026-03-18,8,1,0,216,0.12,0
D,SAL,2026-03-19,8,1,0,210,0.12,0
D,SAL,2026-03-20,17,1,0,228,0.12,0
D,SAL,2026-03-21,12,1,0,184,0.12,0
D,SAL,2026-03-22,7,1,0,172,0.12,0
D,SAL,2026-03-23,14,1,0,235,0.12,0
D,SAL,2026-03-24,17,1,0,220,0.12,0
D,SAL,2026-03-25,17,1,0,216,0.12,0
D,SAL,2026-03-26,11,1,0,210,0.12,0
D,SAL,2026-03-27,8,1,0,228,0.12,0
D,SAL,2026-03-28,10,1,0,184,0.12,0
D,SAL,2026-03-29,9,1,0,172,0.12,0
D,SAL,2026-03-30,13,1,0,235,0.12,0
D,SAL,2026-03-31,14,1,0,220,0.12,0
D,SAL,2026-04-01,15,1,0,216,0.12,0
D,SAL,2026-04-02,15,1,0,210,0.12,0
D,SAL,2026-04-03,13,1,0,228,0.12,0
D,SAL,2026-04-04,13,1,0,184,0.12,0
D,SAL,2026-04-05,8,1,0,172,0.12,0
D,SAL,2026-04-06,8,1,0,235,0.12,0
D,SAL,2026-04-07,18,1,0,220,0.12,0
D,SAL,2026-04-08,13,1,0,216,0.12,0
D,SAL,2026-04-09,15,1,0,210,0.12,0
D,SAL,2026-04-10,23,1,0,228,0.12,0
D,SAL,2026-04-11,9,1,0,184,0.12,0
D,SAL,2026-04-12,11,1,0,172,0.12,0
D,SAL,2026-04-13,14,1,0,235,0.12,0
D,SAL,2026-04-14,11,1,0,220,0.12,0
D,SAL,2026-04-15,19,1,0,216,0.12,0
D,SAL,2026-04-16,19,1,0,210,0.12,0
D,SAL,2026-04-17,19,1,0,228,0.12,0
D,SAL,2026-04-18,11,1,0,184,0.12,0
D,SAL,2026-04-19,15,1,0,172,0.12,0
D,SAL,2026-04-20,18,1,0,235,0.12,0
D,SAL,2026-04-21,21,1,0,220,0.12,0
D,SAL,2026-04-22,14,1,0,216,0.12,0
D,SAL,2026-04-23,13,1,0,210,0.12,0
D,SAL,2026-04-24,19,1,0,228,0.12,0
D,SAL,2026-04-25,20,1,0,184,0.12,0
D,SAL,2026-04-26,11,1,0,172,0.12,0
D,SAL,2026-04-27,9,1,0,235,0.12,0
D,SAL,2026-04-28,16,1,0,220,0.12,0
D,SAL,2026-04-29,10,1,0,216,0.12,0
D,SAL,2026-04-30,16,1,0,210,0.12,0
D,SAL,2026-05-01,15,1,0,228,0.12,0
D,SAL,2026-05-02,14,1,0,184,0.12,0
D,SAL,2026-05-03,8,1,0,172,0.12,0
D,SAL,2026-05-04,19,1,0,235,0.12,0
D,SAL,2026-05-05,15,1,0,220,0.12,0
D,SAL,2026-05-06,18,1,0,216,0.12,0
D,SAL,2026-05-07,10,1,0,210,0.12,0
D,SAL,2026-05-08,18,1,0,228,0.12,0
D,SAL,2026-05-09,15,1,0,184,0.12,0
D,SAL,2026-05-10,9,1,0,172,0.12,0
D,SAL,2026-05-11,11,1,0,235,0.12,0
D,SAL,2026-05-12,13,1,0,220,0.12,0
D,SAL,2026-05-13,14,1,0,216,0.12,0
D,SAL,2026-05-14,17,1,0,210,0.12,0
D,SAL,2026-05-15,9,1,0,228,0.12,0
D,SAL,2026-05-16,10,1,0,184,0.12,0
D,SAL,2026-05-17,12,1,0,172,0.12,0
D,SAL,2026-05-18,12,1,0,235,0.12,0
D,SAL,2026-05-19,13,1,0,220,0.12,0
D,SAL,2026-05-20,17,1,0,216,0.12,0
D,SAL,2026-05-21,13,1,0,210,0.12,0
D,SAL,2026-05-22,11,1,0,228,0.12,0
D,SAL,2026-05-23,14,1,0,184,0.12,0
D,SAL,2026-05-24,9,1,0,172,0.12,0
D,SAL,2026-05-25,15,1,0,235,0.12,0
D,SAL,2026-05-26,14,1,0,220,0.12,0
D,SAL,2026-05-27,17,1,0,216,0.12,0
D,SAL,2026-05-28,9,1,0,210,0.12,0
D,SAL,2026-05-29,14,1,0,228,0.12,0
D,SAL,2026-05-30,12,1,0,184,0.12,0
D,SAL,2026-05-31,7,1,0,172,0.12,0
D,SAL,2026-06-01,15,1,0,235,0.12,0
D,SAL,2026-06-02,13,1,0,220,0.12,0
D,SAL,2026-06-03,9,1,0,216,0.12,0
D,SAL,2026-06-04,10,1,0,210,0.12,0
D,SAL,2026-06-05,17,1,0,228,0.12,0
D,SAL,2026-06-06,3,1,0,184,0.12,0
D,SAL,2026-06-07,9,1,0,172,0.12,0
D,SAL,2026-06-08,14,1,0,235,0.12,0
D,SAL,2026-06-09,11,1,0,220,0.12,0
D,SAL,2026-06-10,22,1,0,216,0.12,0
D,SAL,2026-06-11,14,1,0,210,0.12,0
D,SAL,2026-06-12,22,1,0,228,0.12,0
D,SAL,2026-06-13,11,1,0,184,0.12,0
D,SAL,2026-06-14,6,1,0,172,0.12,0
D,SAL,2026-06-15,16,1,0,235,0.12,0
D,SAL,2026-06-16,14,1,0,220,0.12,0
D,SAL,2026-06-17,18,1,0,216,0.12,0
D,SAL,2026-06-18,21,1,0,210,0.12,0
D,SAL,2026-06-19,15,1,0,228,0.12,0
D,SAL,2026-06-20,8,1,0,184,0.12,0
D,SAL,2026-06-21,11,1,0,172,0.12,0
D,SAL,2026-06-22,7,1,0,235,0.12,0
D,SAL,2026-06-23,15,1,0,220,0.12,0
D,SAL,2026-06-24,18,1,0,216,0.12,0
D,SAL,2026-06-25,12,1,0,210,0.12,0
D,SAL,2026-06-26,12,1,0,228,0.12,0
D,SAL,2026-06-27,15,1,0,184,0.12,0
D,SAL,2026-06-28,10,1,0,172,0.12,0
D,SAL,2026-06-29,15,1,0,235,0.12,0
D,SAL,2026-06-30,15,1,0,220,0.12,0
D,SAL,2026-07-01,10,1,0,216,0.12,0
D,SAL,2026-07-02,21,1,0,210,0.12,0
D,SAL,2026-07-03,22,1,0,228,0.12,0
D,SAL,2026-07-04,12,1,0,184,0.12,0
D,SAL,2026-07-05,17,1,0,172,0.12,0
D,SAL,2026-07-06,12,1,0,235,0.12,0
D,SAL,2026-07-07,12,1,0,220,0.12,0
D,SAL,2026-07-08,17,1,0,216,0.12,0
D,SAL,2026-07-09,11,1,0,210,0.12,0
D,SAL,2026-07-10,27,1,0,228,0.12,0
D,SAL,2026-07-11,19,1,0,184,0.12,0
D,SAL,2026-07-12,11,1,0,172,0.12,0
D,SAL,2026-07-13,9,1,0,235,0.12,0
D,SAL,2026-07-14,17,1,0,220,0.12,0
D,SAL,2026-07-15,9,1,0,216,0.12,0
D,SAL,2026-07-16,10,1,0,210,0.12,0
D,SAL,2026-07-17,21,1,0,228,0.12,0
D,SAL,2026-07-18,11,1,0,184,0.12,0
D,SAL,2026-07-19,10,1,0,172,0.12,0
D,SAL,2026-07-20,21,1,0,235,0.12,0
D,SAL,2026-07-21,13,1,0,220,0.12,0
D,SAL,2026-07-22,11,1,0,216,0.12,0
D,SAL,2026-07-23,20,1,0,210,0.12,0
D,SAL,2026-07-24,17,1,0,228,0.12,0
D,SAL,2026-07-25,11,1,0,184,0.12,0
D,SAL,2026-07-26,7,1,0,172,0.12,0
D,SAL,2026-07-27,14,1,0,235,0.12,0
D,SAL,2026-07-28,15,1,0,220,0.12,0
D,SAL,2026-07-29,21,1,0,216,0.12,0
D,SAL,2026-07-30,10,1,0,210,0.12,0
D,SAL,2026-07-31,20,1,0,228,0.12,0
D,SAL,2026-08-01,4,1,0,184,0.12,0
D,SAL,2026-08-02,17,1,0,172,0.12,0
D,SAL,2026-08-03,10,1,0,235,0.12,0
D,SAL,2026-08-04,18,1,0,220,0.12,0
D,SAL,2026-08-05,14,1,0,216,0.12,0
D,SAL,2026-08-06,10,1,0,210,0.12,0
D,SAL,2026-08-07,26,1,0,228,0.12,0
D,SAL,2026-08-08,10,1,0,184,0.12,0
D,SAL,2026-08-09,12,1,0,172,0.12,0
D,SAL,2026-08-10,16,1,0,235,0.12,0
D,SAL,2026-08-11,18,1,0,220,0.12,0
D,SAL,2026-08-12,21,1,0,216,0.12,0
D,SAL,2026-08-13,10,1,0,210,0.12,0
D,SAL,2026-08-14,12,1,0,228,0.12,0
D,SAL,2026-08-15,21,1,0,184,0.12,0
D,SAL,2026-08-16,17,1,0,172,0.12,0
D,SAL,2026-08-17,11,1,0,235,0.12,0
D,SAL,2026-08-18,12,1,0,220,0.12,0
D,SAL,2026-08-19,11,1,0,216,0.12,0
D,SAL,2026-08-20,12,1,0,210,0.12,0
D,SAL,2026-08-21,15,1,0,228,0.12,0
D,SAL,2026-08-22,10,1,0,184,0.12,0
D,SAL,2026-08-23,16,1,0,172,0.12,0
D,SAL,2026-08-24,13,1,0,235,0.12,0
D,SAL,2026-08-25,13,1,0,220,0.12,0
D,SAL,2026-08-26,12,1,0,216,0.12,0
D,SAL,2026-08-27,16,1,0,210,0.12,0
D,SAL,2026-08-28,20,1,0,228,0.12,0
D,SAL,2026-08-29,14,1,0,184,0.12,0
D,SAL,2026-08-30,7,1,0,172,0.12,0
D,SAL,2026-08-31,10,1,0,235,0.12,0
D,SAL,2026-09-01,9,1,0,220,0.12,0
D,SAL,2026-09-02,16,1,0,216,0.12,0
D,SAL,2026-09-03,6,1,0,210,0.12,0
D,SAL,2026-09-04,19,1,0,228,0.12,0
D,SAL,2026-09-05,14,1,0,184,0.12,0
D,SAL,2026-09-06,5,1,0,172,0.12,0
D,SAL,2026-09-07,12,1,0,235,0.12,0
D,SAL,2026-09-08,12,1,0,220,0.12,0
D,SAL,2026-09-09,10,1,0,216,0.12,0
D,SAL,2026-09-10,10,1,0,210,0.12,0
D,SAL,2026-09-11,13,1,0,228,0.12,0
D,SAL,2026-09-12,16,1,0,184,0.12,0
D,SAL,2026-09-13,12,1,0,172,0.12,0
D,SAL,2026-09-14,11,1,0,235,0.12,0
D,SAL,2026-09-15,19,1,0,220,0.12,0
D,SAL,2026-09-16,10,1,0,216,0.12,0
D,SAL,2026-09-17,14,1,0,210,0.12,0
D,SAL,2026-09-18,15,1,0,228,0.12,0
D,SAL,2026-09-19,10,1,0,184,0.12,0
D,SAL,2026-09-20,9,1,0,172,0.12,0
D,SAL,2026-09-21,14,1,0,235,0.12,0
D,SAL,2026-09-22,21,1,0,220,0.12,0
D,SAL,2026-09-23,19,1,0,216,0.12,0
D,SAL,2026-09-24,15,1,0,210,0.12,0
D,SAL,2026-09-25,8,1,0,228,0.12,0
D,SAL,2026-09-26,12,1,0,184,0.12,0
D,SAL,2026-09-27,13,1,0,172,0.12,0
D,SAL,2026-09-28,12,1,0,235,0.12,0
D,SAL,2026-09-29,20,1,0,220,0.12,0
D,SAL,2026-09-30,12,1,0,216,0.12,0
D,SAL,2026-10-01,14,1,0,210,0.12,0
D,SAL,2026-10-02,9,1,0,228,0.12,0
D,SAL,2026-10-03,10,1,0,184,0.12,0
D,SAL,2026-10-04,13,1,0,172,0.12,0
D,MSK,2026-02-10,106,1,0,220,0.12,0
D,MSK,2026-02-11,106,1,0,216,0.12,0
D,MSK,2026-02-12,99,1,0,210,0.12,0
D,MSK,2026-02-13,120,1,0,228,0.12,0
D,MSK,2026-02-14,104,1,0,184,0.12,0
D,MSK,2026-02-15,94,1,0,172,0.12,0
D,MSK,2026-02-16,134,1,0,235,0.12,0
D,MSK,2026-02-17,107,1,0,220,0.12,0
D,MSK,2026-02-18,133,1,0,216,0.12,0
D,MSK,2026-02-19,112,1,0,210,0.12,0
D,MSK,2026-02-20,122,1,0,228,0.12,0
D,MSK,2026-02-21,108,1,0,184,0.12,0
D,MSK,2026-02-22,92,1,0,172,0.12,0
D,MSK,2026-02-23,149,1,0,235,0.12,0
D,MSK,2026-02-24,118,1,0,220,0.12,0
D,MSK,2026-02-25,100,1,0,216,0.12,0
D,MSK,2026-02-26,100,1,0,210,0.12,0
D,MSK,2026-02-27,134,1,0,228,0.12,0
D,MSK,2026-02-28,94,1,0,184,0.12,0
D,MSK,2026-03-01,101,1,0,172,0.12,0
D,MSK,2026-03-02,128,1,0,235,0.12,0
D,MSK,2026-03-03,134,1,0,220,0.12,0
D,MSK,2026-03-04,113,1,0,216,0.12,0
D,MSK,2026-03-05,109,1,0,210,0.12,0
D,MSK,2026-03-06,119,1,0,228,0.12,0
D,MSK,2026-03-07,98,1,0,184,0.12,0
D,MSK,2026-03-08,99,1,0,172,0.12,0
D,MSK,2026-03-09,124,1,0,235,0.12,0
D,MSK,2026-03-10,135,1,0,220,0.12,0
D,MSK,2026-03-11,116,1,0,216,0.12,0
D,MSK,2026-03-12,107,1,0,210,0.12,0
D,MSK,2026-03-13,141,1,0,228,0.12,0
D,MSK,2026-03-14,99,1,0,184,0.12,0
D,MSK,2026-03-15,83,1,0,172,0.12,0
D,MSK,2026-03-16,125,1,0,235,0.12,0
D,MSK,2026-03-17,122,1,0,220,0.12,0
D,MSK,2026-03-18,126,1,0,216,0.12,0
D,MSK,2026-03-19,111,1,0,210,0.12,0
D,MSK,2026-03-20,118,1,0,228,0.12,0
D,MSK,2026-03-21,126,1,0,184,0.12,0
D,MSK,2026-03-22,88,1,0,172,0.12,0
D,MSK,2026-03-23,115,1,0,235,0.12,0
D,MSK,2026-03-24,116,1,0,220,0.12,0
D,MSK,2026-03-25,104,1,0,216,0.12,0
D,MSK,2026-03-26,105,1,0,210,0.12,0
D,MSK,2026-03-27,129,1,0,228,0.12,0
D,MSK,2026-03-28,98,1,0,184,0.12,0
D,MSK,2026-03-29,88,1,0,172,0.12,0
D,MSK,2026-03-30,112,1,0,235,0.12,0
D,MSK,2026-03-31,119,1,0,220,0.12,0
D,MSK,2026-04-01,118,1,0,216,0.12,0
D,MSK,2026-04-02,127,1,0,210,0.12,0
D,MSK,2026-04-03,121,1,0,228,0.12,0
D,MSK,2026-04-04,89,1,0,184,0.12,0
D,MSK,2026-04-05,104,1,0,172,0.12,0
D,MSK,2026-04-06,123,1,0,235,0.12,0
D,MSK,2026-04-07,111,1,0,220,0.12,0
D,MSK,2026-04-08,114,1,0,216,0.12,0
D,MSK,2026-04-09,124,1,0,210,0.12,0
D,MSK,2026-04-10,114,1,0,228,0.12,0
D,MSK,2026-04-11,83,1,0,184,0.12,0
D,MSK,2026-04-12,97,1,0,172,0.12,0
D,MSK,2026-04-13,122,1,0,235,0.12,0
D,MSK,2026-04-14,129,1,0,220,0.12,0
D,MSK,2026-04-15,124,1,0,216,0.12,0
D,MSK,2026-04-16,111,1,0,210,0.12,0
D,MSK,2026-04-17,103,1,0,228,0.12,0
D,MSK,2026-04-18,92,1,0,184,0.12,0
D,MSK,2026-04-19,85,1,0,172,0.12,0
D,MSK,2026-04-20,110,1,0,235,0.12,0
D,MSK,2026-04-21,124,1,0,220,0.12,0
D,MSK,2026-04-22,109,1,0,216,0.12,0
D,MSK,2026-04-23,117,1,0,210,0.12,0
D,MSK,2026-04-24,128,1,0,228,0.12,0
D,MSK,2026-04-25,117,1,0,184,0.12,0
D,MSK,2026-04-26,99,1,0,172,0.12,0
D,MSK,2026-04-27,118,1,0,235,0.12,0
D,MSK,2026-04-28,97,1,0,220,0.12,0
D,MSK,2026-04-29,131,1,0,216,0.12,0
D,MSK,2026-04-30,102,1,0,210,0.12,0
D,MSK,2026-05-01,120,1,0,228,0.12,0
D,MSK,2026-05-02,93,1,0,184,0.12,0
D,MSK,2026-05-03,87,1,0,172,0.12,0
D,MSK,2026-05-04,143,1,0,235,0.12,0
D,MSK,2026-05-05,113,1,0,220,0.12,0
D,MSK,2026-05-06,120,1,0,216,0.12,0
D,MSK,2026-05-07,111,1,0,210,0.12,0
D,MSK,2026-05-08,113,1,0,228,0.12,0
D,MSK,2026-05-09,108,1,0,184,0.12,0
D,MSK,2026-05-10,74,1,0,172,0.12,0
D,MSK,2026-05-11,139,1,0,235,0.12,0
D,MSK,2026-05-12,113,1,0,220,0.12,0
D,MSK,2026-05-13,113,1,0,216,0.12,0
D,MSK,2026-05-14,105,1,0,210,0.12,0
D,MSK,2026-05-15,131,1,0,228,0.12,0
D,MSK,2026-05-16,98,1,0,184,0.12,0
D,MSK,2026-05-17,104,1,0,172,0.12,0
D,MSK,2026-05-18,126,1,0,235,0.12,0
D,MSK,2026-05-19,117,1,0,220,0.12,0
D,MSK,2026-05-20,107,1,0,216,0.12,0
D,MSK,2026-05-21,112,1,0,210,0.12,0
D,MSK,2026-05-22,129,1,0,228,0.12,0
D,MSK,2026-05-23,95,1,0,184,0.12,0
D,MSK,2026-05-24,95,1,0,172,0.12,0
D,MSK,2026-05-25,150,1,0,235,0.12,0
D,MSK,2026-05-26,116,1,0,220,0.12,0
D,MSK,2026-05-27,120,1,0,216,0.12,0
D,MSK,2026-05-28,132,1,0,210,0.12,0
D,MSK,2026-05-29,120,1,0,228,0.12,0
D,MSK,2026-05-30,93,1,0,184,0.12,0
D,MSK,2026-05-31,87,1,0,172,0.12,0
D,MSK,2026-06-01,118,1,0,235,0.12,0
D,MSK,2026-06-02,132,1,0,220,0.12,0
D,MSK,2026-06-03,115,1,0,216,0.12,0
D,MSK,2026-06-04,114,1,0,210,0.12,0
D,MSK,2026-06-05,103,1,0,228,0.12,0
D,MSK,2026-06-06,128,1,0,184,0.12,0
D,MSK,2026-06-07,80,1,0,172,0.12,0
D,MSK,2026-06-08,135,1,0,235,0.12,0
D,MSK,2026-06-09,131,1,0,220,0.12,0
D,MSK,2026-06-10,113,1,0,216,0.12,0
D,MSK,2026-06-11,129,1,0,210,0.12,0
D,MSK,2026-06-12,121,1,0,228,0.12,0
D,MSK,2026-06-13,87,1,0,184,0.12,0
D,MSK,2026-06-14,93,1,0,172,0.12,0
D,MSK,2026-06-15,131,1,0,235,0.12,0
D,MSK,2026-06-16,114,1,0,220,0.12,0
D,MSK,2026-06-17,116,1,0,216,0.12,0
D,MSK,2026-06-18,108,1,0,210,0.12,0
D,MSK,2026-06-19,103,1,0,228,0.12,0
D,MSK,2026-06-20,108,1,0,184,0.12,0
D,MSK,2026-06-21,106,1,0,172,0.12,0
D,MSK,2026-06-22,123,1,0,235,0.12,0
D,MSK,2026-06-23,117,1,0,220,0.12,0
D,MSK,2026-06-24,116,1,0,216,0.12,0
D,MSK,2026-06-25,124,1,0,210,0.12,0
D,MSK,2026-06-26,124,1,0,228,0.12,0
D,MSK,2026-06-27,106,1,0,184,0.12,0
D,MSK,2026-06-28,100,1,0,172,0.12,0
D,MSK,2026-06-29,123,1,0,235,0.12,0
D,MSK,2026-06-30,143,1,0,220,0.12,0
D,MSK,2026-07-01,108,1,0,216,0.12,0
D,MSK,2026-07-02,115,1,0,210,0.12,0
D,MSK,2026-07-03,136,1,0,228,0.12,0
D,MSK,2026-07-04,86,1,0,184,0.12,0
D,MSK,2026-07-05,92,1,0,172,0.12,0
D,MSK,2026-07-06,129,1,0,235,0.12,0
D,MSK,2026-07-07,107,1,0,220,0.12,0
D,MSK,2026-07-08,125,1,0,216,0.12,0
D,MSK,2026-07-09,103,1,0,210,0.12,0
D,MSK,2026-07-10,133,1,0,228,0.12,0
D,MSK,2026-07-11,104,1,0,184,0.12,0
D,MSK,2026-07-12,87,1,0,172,0.12,0
D,MSK,2026-07-13,131,1,0,235,0.12,0
D,MSK,2026-07-14,114,1,0,220,0.12,0
D,MSK,2026-07-15,121,1,0,216,0.12,0
D,MSK,2026-07-16,125,1,0,210,0.12,0
D,MSK,2026-07-17,138,1,0,228,0.12,0
D,MSK,2026-07-18,90,1,0,184,0.12,0
D,MSK,2026-07-19,94,1,0,172,0.12,0
D,MSK,2026-07-20,128,1,0,235,0.12,0
D,MSK,2026-07-21,121,1,0,220,0.12,0
D,MSK,2026-07-22,145,1,0,216,0.12,0
D,MSK,2026-07-23,119,1,0,210,0.12,0
D,MSK,2026-07-24,136,1,0,228,0.12,0
D,MSK,2026-07-25,115,1,0,184,0.12,0
D,MSK,2026-07-26,98,1,0,172,0.12,0
D,MSK,2026-07-27,141,1,0,235,0.12,0
D,MSK,2026-07-28,139,1,0,220,0.12,0
D,MSK,2026-07-29,121,1,0,216,0.12,0
D,MSK,2026-07-30,113,1,0,210,0.12,0
D,MSK,2026-07-31,139,1,0,228,0.12,0
D,MSK,2026-08-01,107,1,0,184,0.12,0
D,MSK,2026-08-02,87,1,0,172,0.12,0
D,MSK,2026-08-03,149,1,0,235,0.12,0
D,MSK,2026-08-04,132,1,0,220,0.12,0
D,MSK,2026-08-05,115,1,0,216,0.12,0
D,MSK,2026-08-06,122,1,0,210,0.12,0
D,MSK,2026-08-07,124,1,0,228,0.12,0
D,MSK,2026-08-08,104,1,0,184,0.12,0
D,MSK,2026-08-09,100,1,0,172,0.12,0
D,MSK,2026-08-10,141,1,0,235,0.12,0
D,MSK,2026-08-11,138,1,0,220,0.12,0
D,MSK,2026-08-12,95,1,0,216,0.12,0
D,MSK,2026-08-13,110,1,0,210,0.12,0
D,MSK,2026-08-14,130,1,0,228,0.12,0
D,MSK,2026-08-15,110,1,0,184,0.12,0
D,MSK,2026-08-16,114,1,0,172,0.12,0
D,MSK,2026-08-17,148,1,0,235,0.12,0
D,MSK,2026-08-18,127,1,0,220,0.12,0
D,MSK,2026-08-19,120,1,0,216,0.12,0
D,MSK,2026-08-20,115,1,0,210,0.12,0
D,MSK,2026-08-21,108,1,0,228,0.12,0
D,MSK,2026-08-22,90,1,0,184,0.12,0
D,MSK,2026-08-23,85,1,0,172,0.12,0
D,MSK,2026-08-24,141,1,0,235,0.12,0
D,MSK,2026-08-25,110,1,0,220,0.12,0
D,MSK,2026-08-26,119,1,0,216,0.12,0
D,MSK,2026-08-27,108,1,0,210,0.12,0
D,MSK,2026-08-28,137,1,0,228,0.12,0
D,MSK,2026-08-29,92,1,0,184,0.12,0
D,MSK,2026-08-30,100,1,0,172,0.12,0
D,MSK,2026-08-31,135,1,0,235,0.12,0
D,MSK,2026-09-01,123,1,0,220,0.12,0
D,MSK,2026-09-02,121,1,0,216,0.12,0
D,MSK,2026-09-03,152,1,0,210,0.12,0
D,MSK,2026-09-04,135,1,0,228,0.12,0
D,MSK,2026-09-05,123,1,0,184,0.12,0
D,MSK,2026-09-06,99,1,0,172,0.12,0
D,MSK,2026-09-07,131,1,0,235,0.12,0
D,MSK,2026-09-08,126,1,0,220,0.12,0
D,MSK,2026-09-09,104,1,0,216,0.12,0
D,MSK,2026-09-10,114,1,0,210,0.12,0
D,MSK,2026-09-11,134,1,0,228,0.12,0
D,MSK,2026-09-12,113,1,0,184,0.12,0
D,MSK,2026-09-13,111,1,0,172,0.12,0
D,MSK,2026-09-14,133,1,0,235,0.12,0
D,MSK,2026-09-15,125,1,0,220,0.12,0
D,MSK,2026-09-16,108,1,0,216,0.12,0
D,MSK,2026-09-17,128,1,0,210,0.12,0
D,MSK,2026-09-18,116,1,0,228,0.12,0
D,MSK,2026-09-19,100,1,0,184,0.12,0
D,MSK,2026-09-20,95,1,0,172,0.12,0
D,MSK,2026-09-21,126,1,0,235,0.12,0
D,MSK,2026-09-22,116,1,0,220,0.12,0
D,MSK,2026-09-23,146,1,0,216,0.12,0
D,MSK,2026-09-24,97,1,0,210,0.12,0
D,MSK,2026-09-25,115,1,0,228,0.12,0
D,MSK,2026-09-26,104,1,0,184,0.12,0
D,MSK,2026-09-27,97,1,0,172,0.12,0
D,MSK,2026-09-28,139,1,0,235,0.12,0
D,MSK,2026-09-29,111,1,0,220,0.12,0
D,MSK,2026-09-30,139,1,0,216,0.12,0
D,MSK,2026-10-01,136,1,0,210,0.12,0
D,MSK,2026-10-02,141,1,0,228,0.12,0
D,MSK,2026-10-03,98,1,0,184,0.12,0
D,MSK,2026-10-04,101,1,0,172,0.12,0
